'Elapsed time','MLII','V5'
0.000,-0.145,-0.065
0.003,-0.145,-0.065
0.006,-0.145,-0.065
0.008,-0.145,-0.065
0.011,-0.145,-0.065
0.014,-0.145,-0.065
0.017,-0.145,-0.065
0.019,-0.145,-0.065
0.022,-0.120,-0.080
0.025,-0.135,-0.080
0.028,-0.145,-0.085
0.031,-0.150,-0.085
0.033,-0.160,-0.075
0.036,-0.155,-0.070
0.039,-0.160,-0.070
0.042,-0.175,-0.065
0.044,-0.180,-0.055
0.047,-0.185,-0.050
0.050,-0.170,-0.050
0.053,-0.155,-0.040
0.056,-0.175,-0.040
0.058,-0.180,-0.055
0.061,-0.190,-0.075
0.064,-0.180,-0.080
0.067,-0.155,-0.085
0.069,-0.135,-0.070
0.072,-0.155,-0.080
0.075,-0.190,-0.080
0.078,-0.205,-0.090
0.081,-0.235,-0.095
0.083,-0.225,-0.090
0.086,-0.245,-0.095
0.089,-0.250,-0.110
0.092,-0.260,-0.120
0.094,-0.275,-0.145
0.097,-0.275,-0.135
0.100,-0.275,-0.105
0.103,-0.265,-0.095
0.106,-0.255,-0.105
0.108,-0.265,-0.120
0.111,-0.275,-0.135
0.114,-0.290,-0.125
0.117,-0.290,-0.125
0.119,-0.290,-0.115
0.122,-0.290,-0.115
0.125,-0.285,-0.125
0.128,-0.295,-0.140
0.131,-0.305,-0.140
0.133,-0.285,-0.130
0.136,-0.275,-0.125
0.139,-0.275,-0.140
0.142,-0.280,-0.145
0.144,-0.285,-0.150
0.147,-0.305,-0.150
0.150,-0.290,-0.130
0.153,-0.300,-0.115
0.156,-0.280,-0.125
0.158,-0.290,-0.135
0.161,-0.300,-0.160
0.164,-0.315,-0.195
0.167,-0.320,-0.200
0.169,-0.335,-0.205
0.172,-0.360,-0.225
0.175,-0.385,-0.255
0.178,-0.385,-0.300
0.181,-0.405,-0.290
0.183,-0.455,-0.235
0.186,-0.485,-0.130
0.189,-0.485,-0.035
0.192,-0.425,0.050
0.194,-0.330,0.120
0.197,-0.220,0.200
0.200,-0.070,0.310
0.203,0.120,0.435
0.206,0.375,0.535
0.208,0.620,0.580
0.211,0.780,0.475
0.214,0.840,0.210
0.217,0.765,-0.085
0.219,0.520,-0.230
0.222,0.170,-0.250
0.225,-0.165,-0.215
0.228,-0.365,-0.180
0.231,-0.435,-0.185
0.233,-0.425,-0.160
0.236,-0.370,-0.150
0.239,-0.330,-0.150
0.242,-0.325,-0.180
0.244,-0.335,-0.180
0.247,-0.345,-0.160
0.250,-0.330,-0.165
0.253,-0.325,-0.170
0.256,-0.315,-0.165
0.258,-0.310,-0.185
0.261,-0.320,-0.185
0.264,-0.335,-0.185
0.267,-0.340,-0.170
0.269,-0.325,-0.160
0.272,-0.345,-0.155
0.275,-0.335,-0.175
0.278,-0.330,-0.195
0.281,-0.335,-0.185
0.283,-0.330,-0.185
0.286,-0.325,-0.175
0.289,-0.330,-0.175
0.292,-0.330,-0.195
0.294,-0.345,-0.190
0.297,-0.355,-0.180
0.300,-0.335,-0.165
0.303,-0.325,-0.170
0.306,-0.305,-0.170
0.308,-0.320,-0.170
0.311,-0.320,-0.190
0.314,-0.330,-0.185
0.317,-0.340,-0.180
0.319,-0.335,-0.170
0.322,-0.340,-0.175
0.325,-0.345,-0.190
0.328,-0.355,-0.200
0.331,-0.355,-0.195
0.333,-0.340,-0.185
0.336,-0.330,-0.170
0.339,-0.330,-0.170
0.342,-0.330,-0.185
0.344,-0.340,-0.195
0.347,-0.350,-0.175
0.350,-0.325,-0.200
0.353,-0.325,-0.185
0.356,-0.330,-0.180
0.358,-0.330,-0.185
0.361,-0.335,-0.205
0.364,-0.335,-0.190
0.367,-0.340,-0.180
0.369,-0.330,-0.185
0.372,-0.340,-0.200
0.375,-0.350,-0.215
0.378,-0.355,-0.205
0.381,-0.350,-0.210
0.383,-0.345,-0.200
0.386,-0.330,-0.185
0.389,-0.320,-0.205
0.392,-0.335,-0.200
0.394,-0.330,-0.210
0.397,-0.345,-0.205
0.400,-0.330,-0.185
0.403,-0.335,-0.185
0.406,-0.335,-0.200
0.408,-0.345,-0.215
0.411,-0.345,-0.225
0.414,-0.355,-0.220
0.417,-0.340,-0.200
0.419,-0.340,-0.200
0.422,-0.335,-0.215
0.425,-0.330,-0.225
0.428,-0.350,-0.235
0.431,-0.350,-0.245
0.433,-0.345,-0.240
0.436,-0.335,-0.240
0.439,-0.335,-0.240
0.442,-0.335,-0.245
0.444,-0.350,-0.260
0.447,-0.355,-0.260
0.450,-0.355,-0.265
0.453,-0.345,-0.265
0.456,-0.345,-0.280
0.458,-0.335,-0.285
0.461,-0.350,-0.295
0.464,-0.360,-0.295
0.467,-0.360,-0.300
0.469,-0.360,-0.290
0.472,-0.365,-0.300
0.475,-0.360,-0.315
0.478,-0.370,-0.315
0.481,-0.385,-0.315
0.483,-0.370,-0.315
0.486,-0.360,-0.310
0.489,-0.355,-0.310
0.492,-0.360,-0.325
0.494,-0.375,-0.330
0.497,-0.375,-0.325
0.500,-0.365,-0.315
0.503,-0.365,-0.305
0.506,-0.360,-0.305
0.508,-0.360,-0.290
0.511,-0.365,-0.290
0.514,-0.370,-0.275
0.517,-0.355,-0.270
0.519,-0.330,-0.245
0.522,-0.325,-0.240
0.525,-0.325,-0.250
0.528,-0.335,-0.250
0.531,-0.340,-0.235
0.533,-0.315,-0.220
0.536,-0.300,-0.195
0.539,-0.300,-0.190
0.542,-0.290,-0.190
0.544,-0.295,-0.190
0.547,-0.290,-0.180
0.550,-0.285,-0.160
0.553,-0.275,-0.145
0.556,-0.255,-0.150
0.558,-0.250,-0.160
0.561,-0.250,-0.160
0.564,-0.265,-0.155
0.567,-0.255,-0.145
0.569,-0.245,-0.140
0.572,-0.230,-0.160
0.575,-0.245,-0.150
0.578,-0.245,-0.175
0.581,-0.255,-0.170
0.583,-0.255,-0.160
0.586,-0.240,-0.160
0.589,-0.250,-0.150
0.592,-0.255,-0.155
0.594,-0.245,-0.160
0.597,-0.255,-0.170
0.600,-0.250,-0.155
0.603,-0.250,-0.155
0.606,-0.265,-0.150
0.608,-0.260,-0.165
0.611,-0.260,-0.175
0.614,-0.265,-0.165
0.617,-0.270,-0.165
0.619,-0.265,-0.160
0.622,-0.260,-0.160
0.625,-0.275,-0.180
0.628,-0.280,-0.175
0.631,-0.290,-0.185
0.633,-0.275,-0.165
0.636,-0.270,-0.150
0.639,-0.260,-0.150
0.642,-0.280,-0.170
0.644,-0.280,-0.185
0.647,-0.285,-0.195
0.650,-0.275,-0.190
0.653,-0.275,-0.190
0.656,-0.265,-0.185
0.658,-0.270,-0.190
0.661,-0.285,-0.210
0.664,-0.290,-0.195
0.667,-0.280,-0.190
0.669,-0.275,-0.180
0.672,-0.285,-0.205
0.675,-0.280,-0.215
0.678,-0.300,-0.225
0.681,-0.300,-0.210
0.683,-0.305,-0.205
0.686,-0.295,-0.195
0.689,-0.300,-0.200
0.692,-0.310,-0.195
0.694,-0.310,-0.210
0.697,-0.305,-0.215
0.700,-0.295,-0.205
0.703,-0.285,-0.185
0.706,-0.285,-0.195
0.708,-0.290,-0.195
0.711,-0.295,-0.220
0.714,-0.310,-0.220
0.717,-0.290,-0.210
0.719,-0.295,-0.215
0.722,-0.300,-0.220
0.725,-0.305,-0.220
0.728,-0.310,-0.225
0.731,-0.325,-0.210
0.733,-0.310,-0.200
0.736,-0.300,-0.210
0.739,-0.290,-0.225
0.742,-0.310,-0.230
0.744,-0.325,-0.225
0.747,-0.330,-0.220
0.750,-0.315,-0.230
0.753,-0.300,-0.210
0.756,-0.305,-0.215
0.758,-0.310,-0.215
0.761,-0.320,-0.230
0.764,-0.330,-0.215
0.767,-0.325,-0.220
0.769,-0.315,-0.205
0.772,-0.310,-0.205
0.775,-0.305,-0.210
0.778,-0.305,-0.215
0.781,-0.310,-0.225
0.783,-0.300,-0.215
0.786,-0.305,-0.215
0.789,-0.290,-0.215
0.792,-0.300,-0.225
0.794,-0.300,-0.225
0.797,-0.305,-0.225
0.800,-0.305,-0.205
0.803,-0.290,-0.195
0.806,-0.280,-0.210
0.808,-0.295,-0.210
0.811,-0.305,-0.215
0.814,-0.315,-0.235
0.817,-0.305,-0.230
0.819,-0.295,-0.220
0.822,-0.290,-0.220
0.825,-0.280,-0.230
0.828,-0.270,-0.225
0.831,-0.275,-0.230
0.833,-0.275,-0.215
0.836,-0.270,-0.195
0.839,-0.250,-0.195
0.842,-0.250,-0.190
0.844,-0.255,-0.200
0.847,-0.225,-0.195
0.850,-0.220,-0.180
0.853,-0.205,-0.170
0.856,-0.200,-0.180
0.858,-0.205,-0.175
0.861,-0.215,-0.195
0.864,-0.230,-0.195
0.867,-0.220,-0.170
0.869,-0.225,-0.175
0.872,-0.225,-0.175
0.875,-0.225,-0.180
0.878,-0.230,-0.185
0.881,-0.235,-0.185
0.883,-0.240,-0.175
0.886,-0.235,-0.175
0.889,-0.220,-0.175
0.892,-0.210,-0.190
0.894,-0.205,-0.205
0.897,-0.245,-0.200
0.900,-0.285,-0.205
0.903,-0.285,-0.205
0.906,-0.300,-0.215
0.908,-0.310,-0.215
0.911,-0.330,-0.225
0.914,-0.330,-0.215
0.917,-0.325,-0.210
0.919,-0.315,-0.200
0.922,-0.320,-0.215
0.925,-0.315,-0.225
0.928,-0.325,-0.245
0.931,-0.340,-0.245
0.933,-0.345,-0.250
0.936,-0.340,-0.225
0.939,-0.340,-0.230
0.942,-0.350,-0.235
0.944,-0.345,-0.240
0.947,-0.355,-0.235
0.950,-0.330,-0.235
0.953,-0.335,-0.220
0.956,-0.330,-0.230
0.958,-0.320,-0.240
0.961,-0.345,-0.240
0.964,-0.355,-0.245
0.967,-0.340,-0.225
0.969,-0.330,-0.225
0.972,-0.325,-0.235
0.975,-0.330,-0.250
0.978,-0.350,-0.270
0.981,-0.365,-0.280
0.983,-0.360,-0.290
0.986,-0.380,-0.300
0.989,-0.425,-0.330
0.992,-0.445,-0.360
0.994,-0.475,-0.355
0.997,-0.510,-0.305
1.000,-0.535,-0.205
1.003,-0.505,-0.080
1.006,-0.415,0.015
1.008,-0.300,0.065
1.011,-0.160,0.115
1.014,-0.015,0.190
1.017,0.235,0.300
1.019,0.490,0.410
1.022,0.720,0.495
1.025,0.875,0.485
1.028,0.940,0.360
1.031,0.905,0.105
1.033,0.755,-0.165
1.036,0.490,-0.350
1.039,0.165,-0.450
1.042,-0.110,-0.470
1.044,-0.270,-0.450
1.047,-0.390,-0.395
1.050,-0.450,-0.345
1.053,-0.475,-0.310
1.056,-0.455,-0.295
1.058,-0.425,-0.285
1.061,-0.390,-0.295
1.064,-0.390,-0.295
1.067,-0.385,-0.280
1.069,-0.390,-0.285
1.072,-0.380,-0.285
1.075,-0.380,-0.285
1.078,-0.380,-0.290
1.081,-0.395,-0.275
1.083,-0.385,-0.275
1.086,-0.385,-0.275
1.089,-0.385,-0.270
1.092,-0.375,-0.285
1.094,-0.395,-0.295
1.097,-0.410,-0.290
1.100,-0.410,-0.275
1.103,-0.400,-0.265
1.106,-0.395,-0.265
1.108,-0.390,-0.275
1.111,-0.405,-0.295
1.114,-0.395,-0.290
1.117,-0.385,-0.285
1.119,-0.375,-0.270
1.122,-0.390,-0.265
1.125,-0.390,-0.275
1.128,-0.405,-0.280
1.131,-0.410,-0.280
1.133,-0.410,-0.270
1.136,-0.390,-0.265
1.139,-0.390,-0.270
1.142,-0.395,-0.270
1.144,-0.405,-0.280
1.147,-0.415,-0.270
1.150,-0.400,-0.265
1.153,-0.410,-0.265
1.156,-0.405,-0.265
1.158,-0.410,-0.270
1.161,-0.415,-0.285
1.164,-0.410,-0.285
1.167,-0.400,-0.265
1.169,-0.400,-0.265
1.172,-0.395,-0.255
1.175,-0.390,-0.275
1.178,-0.405,-0.275
1.181,-0.410,-0.280
1.183,-0.390,-0.270
1.186,-0.390,-0.265
1.189,-0.385,-0.275
1.192,-0.385,-0.285
1.194,-0.410,-0.280
1.197,-0.405,-0.280
1.200,-0.395,-0.275
1.203,-0.390,-0.275
1.206,-0.375,-0.275
1.208,-0.390,-0.285
1.211,-0.395,-0.295
1.214,-0.410,-0.295
1.217,-0.400,-0.275
1.219,-0.390,-0.275
1.222,-0.390,-0.285
1.225,-0.385,-0.290
1.228,-0.405,-0.315
1.231,-0.415,-0.315
1.233,-0.415,-0.305
1.236,-0.400,-0.290
1.239,-0.395,-0.310
1.242,-0.405,-0.320
1.244,-0.415,-0.320
1.247,-0.420,-0.335
1.250,-0.420,-0.330
1.253,-0.410,-0.325
1.256,-0.415,-0.345
1.258,-0.425,-0.350
1.261,-0.420,-0.365
1.264,-0.435,-0.370
1.267,-0.430,-0.355
1.269,-0.430,-0.360
1.272,-0.420,-0.370
1.275,-0.430,-0.390
1.278,-0.450,-0.395
1.281,-0.455,-0.400
1.283,-0.450,-0.390
1.286,-0.435,-0.385
1.289,-0.445,-0.390
1.292,-0.450,-0.400
1.294,-0.455,-0.410
1.297,-0.470,-0.420
1.300,-0.460,-0.405
1.303,-0.455,-0.410
1.306,-0.450,-0.410
1.308,-0.455,-0.400
1.311,-0.470,-0.405
1.314,-0.475,-0.390
1.317,-0.460,-0.385
1.319,-0.450,-0.365
1.322,-0.445,-0.355
1.325,-0.440,-0.345
1.328,-0.435,-0.355
1.331,-0.440,-0.330
1.333,-0.410,-0.295
1.336,-0.395,-0.275
1.339,-0.370,-0.270
1.342,-0.365,-0.260
1.344,-0.360,-0.265
1.347,-0.365,-0.265
1.350,-0.340,-0.245
1.353,-0.325,-0.225
1.356,-0.315,-0.210
1.358,-0.320,-0.215
1.361,-0.330,-0.215
1.364,-0.330,-0.205
1.367,-0.320,-0.195
1.369,-0.310,-0.185
1.372,-0.300,-0.185
1.375,-0.300,-0.195
1.378,-0.320,-0.195
1.381,-0.320,-0.195
1.383,-0.315,-0.185
1.386,-0.305,-0.170
1.389,-0.305,-0.185
1.392,-0.295,-0.195
1.394,-0.320,-0.195
1.397,-0.330,-0.195
1.400,-0.305,-0.185
1.403,-0.310,-0.175
1.406,-0.300,-0.175
1.408,-0.300,-0.185
1.411,-0.320,-0.195
1.414,-0.325,-0.195
1.417,-0.310,-0.195
1.419,-0.305,-0.180
1.422,-0.315,-0.185
1.425,-0.305,-0.190
1.428,-0.315,-0.195
1.431,-0.315,-0.195
1.433,-0.310,-0.190
1.436,-0.295,-0.185
1.439,-0.290,-0.185
1.442,-0.305,-0.190
1.444,-0.310,-0.200
1.447,-0.320,-0.215
1.450,-0.315,-0.195
1.453,-0.300,-0.185
1.456,-0.315,-0.185
1.458,-0.315,-0.185
1.461,-0.315,-0.200
1.464,-0.330,-0.205
1.467,-0.315,-0.190
1.469,-0.320,-0.190
1.472,-0.315,-0.200
1.475,-0.325,-0.200
1.478,-0.335,-0.195
1.481,-0.340,-0.220
1.483,-0.335,-0.205
1.486,-0.335,-0.190
1.489,-0.330,-0.200
1.492,-0.325,-0.220
1.494,-0.345,-0.230
1.497,-0.350,-0.210
1.500,-0.345,-0.205
1.503,-0.335,-0.200
1.506,-0.330,-0.195
1.508,-0.330,-0.220
1.511,-0.345,-0.225
1.514,-0.345,-0.225
1.517,-0.345,-0.215
1.519,-0.320,-0.205
1.522,-0.330,-0.205
1.525,-0.335,-0.215
1.528,-0.340,-0.225
1.531,-0.355,-0.220
1.533,-0.335,-0.225
1.536,-0.330,-0.195
1.539,-0.330,-0.215
1.542,-0.335,-0.220
1.544,-0.355,-0.215
1.547,-0.360,-0.225
1.550,-0.355,-0.215
1.553,-0.350,-0.210
1.556,-0.340,-0.210
1.558,-0.345,-0.225
1.561,-0.345,-0.230
1.564,-0.345,-0.220
1.567,-0.345,-0.210
1.569,-0.330,-0.205
1.572,-0.330,-0.200
1.575,-0.335,-0.205
1.578,-0.345,-0.220
1.581,-0.350,-0.230
1.583,-0.350,-0.215
1.586,-0.340,-0.205
1.589,-0.330,-0.200
1.592,-0.345,-0.230
1.594,-0.345,-0.220
1.597,-0.355,-0.215
1.600,-0.350,-0.205
1.603,-0.340,-0.200
1.606,-0.330,-0.205
1.608,-0.340,-0.220
1.611,-0.340,-0.220
1.614,-0.340,-0.225
1.617,-0.330,-0.205
1.619,-0.335,-0.200
1.622,-0.330,-0.200
1.625,-0.335,-0.210
1.628,-0.345,-0.230
1.631,-0.345,-0.215
1.633,-0.340,-0.200
1.636,-0.330,-0.200
1.639,-0.315,-0.205
1.642,-0.295,-0.210
1.644,-0.300,-0.215
1.647,-0.295,-0.220
1.650,-0.285,-0.205
1.653,-0.275,-0.200
1.656,-0.265,-0.195
1.658,-0.265,-0.205
1.661,-0.265,-0.205
1.664,-0.255,-0.205
1.667,-0.250,-0.180
1.669,-0.240,-0.170
1.672,-0.225,-0.190
1.675,-0.215,-0.190
1.678,-0.240,-0.200
1.681,-0.245,-0.185
1.683,-0.240,-0.165
1.686,-0.245,-0.145
1.689,-0.235,-0.145
1.692,-0.245,-0.170
1.694,-0.250,-0.175
1.697,-0.275,-0.170
1.700,-0.275,-0.165
1.703,-0.265,-0.150
1.706,-0.250,-0.160
1.708,-0.225,-0.175
1.711,-0.220,-0.190
1.714,-0.230,-0.190
1.717,-0.265,-0.185
1.719,-0.270,-0.185
1.722,-0.280,-0.175
1.725,-0.285,-0.195
1.728,-0.305,-0.215
1.731,-0.320,-0.205
1.733,-0.340,-0.200
1.736,-0.330,-0.195
1.739,-0.335,-0.205
1.742,-0.335,-0.210
1.744,-0.355,-0.220
1.747,-0.370,-0.215
1.750,-0.360,-0.210
1.753,-0.345,-0.205
1.756,-0.350,-0.200
1.758,-0.355,-0.210
1.761,-0.365,-0.220
1.764,-0.375,-0.220
1.767,-0.380,-0.220
1.769,-0.370,-0.200
1.772,-0.365,-0.205
1.775,-0.365,-0.215
1.778,-0.380,-0.225
1.781,-0.385,-0.220
1.783,-0.380,-0.215
1.786,-0.375,-0.205
1.789,-0.355,-0.220
1.792,-0.370,-0.225
1.794,-0.390,-0.240
1.797,-0.405,-0.260
1.800,-0.410,-0.280
1.803,-0.435,-0.300
1.806,-0.465,-0.345
1.808,-0.490,-0.375
1.811,-0.520,-0.345
1.814,-0.555,-0.260
1.817,-0.570,-0.125
1.819,-0.525,0.025
1.822,-0.405,0.145
1.825,-0.250,0.260
1.828,-0.090,0.375
1.831,0.120,0.505
1.833,0.410,0.635
1.836,0.690,0.705
1.839,0.885,0.610
1.842,0.960,0.320
1.844,0.850,-0.045
1.847,0.520,-0.250
1.850,0.050,-0.270
1.853,-0.320,-0.240
1.856,-0.500,-0.240
1.858,-0.505,-0.250
1.861,-0.445,-0.255
1.864,-0.415,-0.245
1.867,-0.395,-0.245
1.869,-0.390,-0.245
1.872,-0.395,-0.255
1.875,-0.390,-0.260
1.878,-0.395,-0.260
1.881,-0.405,-0.270
1.883,-0.395,-0.245
1.886,-0.405,-0.245
1.889,-0.390,-0.250
1.892,-0.395,-0.265
1.894,-0.395,-0.270
1.897,-0.410,-0.270
1.900,-0.405,-0.265
1.903,-0.400,-0.260
1.906,-0.400,-0.260
1.908,-0.415,-0.270
1.911,-0.405,-0.280
1.914,-0.420,-0.280
1.917,-0.415,-0.270
1.919,-0.405,-0.255
1.922,-0.405,-0.265
1.925,-0.420,-0.280
1.928,-0.420,-0.290
1.931,-0.435,-0.275
1.933,-0.420,-0.265
1.936,-0.410,-0.255
1.939,-0.410,-0.260
1.942,-0.405,-0.260
1.944,-0.425,-0.280
1.947,-0.430,-0.280
1.950,-0.420,-0.265
1.953,-0.415,-0.260
1.956,-0.410,-0.255
1.958,-0.410,-0.260
1.961,-0.425,-0.275
1.964,-0.420,-0.270
1.967,-0.400,-0.275
1.969,-0.395,-0.265
1.972,-0.400,-0.265
1.975,-0.400,-0.270
1.978,-0.395,-0.280
1.981,-0.415,-0.285
1.983,-0.405,-0.280
1.986,-0.390,-0.255
1.989,-0.400,-0.270
1.992,-0.400,-0.280
1.994,-0.415,-0.290
1.997,-0.425,-0.290
2.000,-0.425,-0.270
2.003,-0.415,-0.270
2.006,-0.415,-0.285
2.008,-0.410,-0.300
2.011,-0.425,-0.300
2.014,-0.425,-0.300
2.017,-0.420,-0.295
2.019,-0.415,-0.275
2.022,-0.400,-0.295
2.025,-0.400,-0.300
2.028,-0.410,-0.310
2.031,-0.425,-0.310
2.033,-0.410,-0.315
2.036,-0.405,-0.310
2.039,-0.395,-0.310
2.042,-0.400,-0.335
2.044,-0.400,-0.345
2.047,-0.405,-0.355
2.050,-0.385,-0.350
2.053,-0.400,-0.345
2.056,-0.390,-0.360
2.058,-0.390,-0.370
2.061,-0.400,-0.375
2.064,-0.415,-0.385
2.067,-0.405,-0.370
2.069,-0.405,-0.370
2.072,-0.410,-0.385
2.075,-0.415,-0.400
2.078,-0.420,-0.415
2.081,-0.420,-0.405
2.083,-0.425,-0.410
2.086,-0.415,-0.390
2.089,-0.415,-0.405
2.092,-0.410,-0.410
2.094,-0.435,-0.425
2.097,-0.430,-0.420
2.100,-0.435,-0.410
2.103,-0.420,-0.405
2.106,-0.420,-0.400
2.108,-0.420,-0.400
2.111,-0.420,-0.405
2.114,-0.425,-0.385
2.117,-0.425,-0.365
2.119,-0.415,-0.345
2.122,-0.395,-0.335
2.125,-0.395,-0.325
2.128,-0.390,-0.310
2.131,-0.375,-0.295
2.133,-0.360,-0.275
2.136,-0.340,-0.255
2.139,-0.335,-0.250
2.142,-0.330,-0.240
2.144,-0.335,-0.245
2.147,-0.335,-0.230
2.150,-0.325,-0.205
2.153,-0.320,-0.200
2.156,-0.305,-0.200
2.158,-0.305,-0.205
2.161,-0.315,-0.210
2.164,-0.310,-0.220
2.167,-0.305,-0.195
2.169,-0.300,-0.190
2.172,-0.300,-0.200
2.175,-0.300,-0.200
2.178,-0.310,-0.210
2.181,-0.310,-0.200
2.183,-0.310,-0.190
2.186,-0.315,-0.175
2.189,-0.300,-0.200
2.192,-0.305,-0.205
2.194,-0.315,-0.210
2.197,-0.320,-0.200
2.200,-0.325,-0.200
2.203,-0.310,-0.180
2.206,-0.305,-0.190
2.208,-0.305,-0.190
2.211,-0.320,-0.205
2.214,-0.325,-0.205
2.217,-0.305,-0.195
2.219,-0.310,-0.185
2.222,-0.295,-0.190
2.225,-0.310,-0.190
2.228,-0.325,-0.210
2.231,-0.330,-0.210
2.233,-0.320,-0.205
2.236,-0.320,-0.205
2.239,-0.320,-0.200
2.242,-0.325,-0.215
2.244,-0.350,-0.225
2.247,-0.350,-0.210
2.250,-0.340,-0.210
2.253,-0.335,-0.210
2.256,-0.330,-0.215
2.258,-0.335,-0.225
2.261,-0.340,-0.225
2.264,-0.360,-0.230
2.267,-0.350,-0.210
2.269,-0.350,-0.210
2.272,-0.355,-0.230
2.275,-0.360,-0.250
2.278,-0.355,-0.250
2.281,-0.365,-0.245
2.283,-0.355,-0.230
2.286,-0.350,-0.215
2.289,-0.340,-0.230
2.292,-0.355,-0.240
2.294,-0.350,-0.245
2.297,-0.365,-0.245
2.300,-0.365,-0.240
2.303,-0.350,-0.215
2.306,-0.355,-0.225
2.308,-0.350,-0.240
2.311,-0.370,-0.240
2.314,-0.380,-0.245
2.317,-0.370,-0.240
2.319,-0.360,-0.230
2.322,-0.365,-0.235
2.325,-0.360,-0.240
2.328,-0.365,-0.230
2.331,-0.380,-0.250
2.333,-0.370,-0.225
2.336,-0.365,-0.215
2.339,-0.350,-0.230
2.342,-0.350,-0.240
2.344,-0.350,-0.250
2.347,-0.370,-0.265
2.350,-0.365,-0.230
2.353,-0.345,-0.220
2.356,-0.345,-0.235
2.358,-0.340,-0.225
2.361,-0.355,-0.235
2.364,-0.365,-0.235
2.367,-0.360,-0.225
2.369,-0.355,-0.225
2.372,-0.355,-0.215
2.375,-0.355,-0.225
2.378,-0.375,-0.235
2.381,-0.385,-0.230
2.383,-0.355,-0.225
2.386,-0.360,-0.225
2.389,-0.355,-0.225
2.392,-0.360,-0.225
2.394,-0.360,-0.230
2.397,-0.370,-0.230
2.400,-0.360,-0.215
2.403,-0.345,-0.210
2.406,-0.355,-0.225
2.408,-0.345,-0.240
2.411,-0.345,-0.235
2.414,-0.345,-0.240
2.417,-0.340,-0.225
2.419,-0.310,-0.215
2.422,-0.305,-0.220
2.425,-0.305,-0.220
2.428,-0.310,-0.230
2.431,-0.305,-0.230
2.433,-0.290,-0.205
2.436,-0.285,-0.200
2.439,-0.275,-0.205
2.442,-0.280,-0.195
2.444,-0.280,-0.210
2.447,-0.275,-0.205
2.450,-0.265,-0.190
2.453,-0.255,-0.185
2.456,-0.245,-0.200
2.458,-0.260,-0.195
2.461,-0.265,-0.200
2.464,-0.275,-0.190
2.467,-0.280,-0.170
2.469,-0.265,-0.140
2.472,-0.270,-0.165
2.475,-0.275,-0.165
2.478,-0.280,-0.185
2.481,-0.275,-0.180
2.483,-0.280,-0.170
2.486,-0.275,-0.150
2.489,-0.265,-0.165
2.492,-0.255,-0.180
2.494,-0.240,-0.200
2.497,-0.260,-0.210
2.500,-0.280,-0.210
2.503,-0.310,-0.185
2.506,-0.310,-0.190
2.508,-0.345,-0.200
2.511,-0.360,-0.215
2.514,-0.380,-0.220
2.517,-0.385,-0.210
2.519,-0.380,-0.195
2.522,-0.370,-0.205
2.525,-0.375,-0.220
2.528,-0.385,-0.225
2.531,-0.390,-0.230
2.533,-0.395,-0.220
2.536,-0.385,-0.210
2.539,-0.385,-0.210
2.542,-0.385,-0.230
2.544,-0.395,-0.235
2.547,-0.405,-0.230
2.550,-0.400,-0.225
2.553,-0.375,-0.215
2.556,-0.375,-0.220
2.558,-0.390,-0.220
2.561,-0.395,-0.230
2.564,-0.415,-0.240
2.567,-0.405,-0.220
2.569,-0.400,-0.225
2.572,-0.390,-0.235
2.575,-0.405,-0.250
2.578,-0.425,-0.280
2.581,-0.460,-0.305
2.583,-0.475,-0.325
2.586,-0.505,-0.345
2.589,-0.510,-0.375
2.592,-0.525,-0.415
2.594,-0.540,-0.425
2.597,-0.600,-0.385
2.600,-0.645,-0.295
2.603,-0.630,-0.180
2.606,-0.575,-0.065
2.608,-0.495,0.035
2.611,-0.385,0.130
2.614,-0.270,0.240
2.617,-0.115,0.370
2.619,0.090,0.495
2.622,0.370,0.610
2.625,0.635,0.655
2.628,0.810,0.545
2.631,0.860,0.230
2.633,0.770,-0.105
2.636,0.475,-0.280
2.639,0.065,-0.285
2.642,-0.305,-0.255
2.644,-0.500,-0.255
2.647,-0.520,-0.260
2.650,-0.475,-0.230
2.653,-0.410,-0.220
2.656,-0.390,-0.245
2.658,-0.390,-0.255
2.661,-0.400,-0.260
2.664,-0.410,-0.250
2.667,-0.405,-0.235
2.669,-0.385,-0.245
2.672,-0.390,-0.245
2.675,-0.395,-0.260
2.678,-0.405,-0.265
2.681,-0.410,-0.265
2.683,-0.405,-0.260
2.686,-0.400,-0.240
2.689,-0.390,-0.245
2.692,-0.395,-0.260
2.694,-0.410,-0.270
2.697,-0.415,-0.270
2.700,-0.410,-0.255
2.703,-0.395,-0.255
2.706,-0.405,-0.250
2.708,-0.410,-0.265
2.711,-0.405,-0.270
2.714,-0.405,-0.270
2.717,-0.410,-0.265
2.719,-0.390,-0.250
2.722,-0.385,-0.245
2.725,-0.390,-0.265
2.728,-0.395,-0.270
2.731,-0.400,-0.260
2.733,-0.400,-0.255
2.736,-0.400,-0.245
2.739,-0.395,-0.250
2.742,-0.395,-0.260
2.744,-0.405,-0.270
2.747,-0.405,-0.260
2.750,-0.400,-0.255
2.753,-0.395,-0.250
2.756,-0.385,-0.255
2.758,-0.375,-0.255
2.761,-0.385,-0.275
2.764,-0.395,-0.270
2.767,-0.390,-0.265
2.769,-0.385,-0.260
2.772,-0.375,-0.260
2.775,-0.385,-0.275
2.778,-0.395,-0.270
2.781,-0.395,-0.260
2.783,-0.385,-0.245
2.786,-0.375,-0.255
2.789,-0.375,-0.265
2.792,-0.385,-0.265
2.794,-0.395,-0.270
2.797,-0.390,-0.265
2.800,-0.390,-0.260
2.803,-0.365,-0.270
2.806,-0.375,-0.265
2.808,-0.385,-0.270
2.811,-0.395,-0.280
2.814,-0.380,-0.285
2.817,-0.385,-0.280
2.819,-0.375,-0.285
2.822,-0.380,-0.290
2.825,-0.390,-0.310
2.828,-0.380,-0.305
2.831,-0.375,-0.300
2.833,-0.375,-0.300
2.836,-0.375,-0.310
2.839,-0.375,-0.325
2.842,-0.380,-0.340
2.844,-0.390,-0.340
2.847,-0.390,-0.325
2.850,-0.365,-0.320
2.853,-0.370,-0.355
2.856,-0.375,-0.360
2.858,-0.385,-0.380
2.861,-0.390,-0.385
2.864,-0.390,-0.375
2.867,-0.375,-0.365
2.869,-0.365,-0.375
2.872,-0.385,-0.385
2.875,-0.380,-0.390
2.878,-0.390,-0.395
2.881,-0.375,-0.385
2.883,-0.375,-0.375
2.886,-0.365,-0.375
2.889,-0.370,-0.375
2.892,-0.385,-0.380
2.894,-0.395,-0.365
2.897,-0.385,-0.345
2.900,-0.385,-0.335
2.903,-0.370,-0.315
2.906,-0.365,-0.310
2.908,-0.370,-0.305
2.911,-0.375,-0.290
2.914,-0.350,-0.270
2.917,-0.335,-0.255
2.919,-0.320,-0.250
2.922,-0.315,-0.245
2.925,-0.320,-0.235
2.928,-0.325,-0.235
2.931,-0.315,-0.225
2.933,-0.295,-0.220
2.936,-0.285,-0.195
2.939,-0.300,-0.215
2.942,-0.295,-0.230
2.944,-0.285,-0.215
2.947,-0.285,-0.205
2.950,-0.280,-0.195
2.953,-0.270,-0.200
2.956,-0.280,-0.195
2.958,-0.290,-0.195
2.961,-0.295,-0.205
2.964,-0.295,-0.195
2.967,-0.290,-0.180
2.969,-0.280,-0.190
2.972,-0.290,-0.205
2.975,-0.295,-0.210
2.978,-0.310,-0.205
2.981,-0.295,-0.180
2.983,-0.285,-0.185
2.986,-0.280,-0.190
2.989,-0.275,-0.205
2.992,-0.295,-0.215
2.994,-0.305,-0.215
2.997,-0.300,-0.215
3.000,-0.295,-0.190
3.003,-0.295,-0.210
3.006,-0.285,-0.200
3.008,-0.300,-0.215
3.011,-0.305,-0.220
3.014,-0.300,-0.225
3.017,-0.295,-0.215
3.019,-0.300,-0.215
3.022,-0.305,-0.230
3.025,-0.315,-0.225
3.028,-0.310,-0.225
3.031,-0.315,-0.210
3.033,-0.295,-0.210
3.036,-0.300,-0.215
3.039,-0.310,-0.230
3.042,-0.330,-0.235
3.044,-0.340,-0.230
3.047,-0.330,-0.220
3.050,-0.320,-0.215
3.053,-0.320,-0.230
3.056,-0.315,-0.235
3.058,-0.325,-0.250
3.061,-0.335,-0.245
3.064,-0.330,-0.240
3.067,-0.315,-0.220
3.069,-0.320,-0.230
3.072,-0.320,-0.230
3.075,-0.330,-0.235
3.078,-0.345,-0.240
3.081,-0.340,-0.235
3.083,-0.335,-0.220
3.086,-0.330,-0.230
3.089,-0.335,-0.240
3.092,-0.345,-0.255
3.094,-0.350,-0.245
3.097,-0.345,-0.235
3.100,-0.340,-0.220
3.103,-0.335,-0.230
3.106,-0.335,-0.240
3.108,-0.330,-0.250
3.111,-0.335,-0.255
3.114,-0.340,-0.240
3.117,-0.335,-0.225
3.119,-0.320,-0.230
3.122,-0.340,-0.235
3.125,-0.340,-0.240
3.128,-0.350,-0.245
3.131,-0.365,-0.235
3.133,-0.360,-0.230
3.136,-0.345,-0.235
3.139,-0.345,-0.240
3.142,-0.350,-0.245
3.144,-0.350,-0.235
3.147,-0.350,-0.235
3.150,-0.340,-0.230
3.153,-0.340,-0.240
3.156,-0.345,-0.235
3.158,-0.345,-0.245
3.161,-0.380,-0.250
3.164,-0.360,-0.230
3.167,-0.360,-0.210
3.169,-0.345,-0.230
3.172,-0.345,-0.235
3.175,-0.350,-0.245
3.178,-0.355,-0.250
3.181,-0.345,-0.245
3.183,-0.330,-0.230
3.186,-0.330,-0.230
3.189,-0.335,-0.235
3.192,-0.335,-0.250
3.194,-0.340,-0.250
3.197,-0.330,-0.240
3.200,-0.320,-0.225
3.203,-0.290,-0.230
3.206,-0.290,-0.235
3.208,-0.300,-0.240
3.211,-0.305,-0.245
3.214,-0.285,-0.240
3.217,-0.280,-0.225
3.219,-0.275,-0.225
3.222,-0.280,-0.230
3.225,-0.275,-0.230
3.228,-0.270,-0.225
3.231,-0.265,-0.205
3.233,-0.250,-0.210
3.236,-0.230,-0.220
3.239,-0.245,-0.205
3.242,-0.240,-0.220
3.244,-0.255,-0.220
3.247,-0.255,-0.210
3.250,-0.245,-0.190
3.253,-0.235,-0.180
3.256,-0.255,-0.180
3.258,-0.265,-0.185
3.261,-0.260,-0.190
3.264,-0.255,-0.190
3.267,-0.270,-0.185
3.269,-0.265,-0.205
3.272,-0.280,-0.200
3.275,-0.255,-0.220
3.278,-0.250,-0.220
3.281,-0.245,-0.220
3.283,-0.265,-0.210
3.286,-0.280,-0.225
3.289,-0.300,-0.220
3.292,-0.315,-0.240
3.294,-0.325,-0.245
3.297,-0.335,-0.235
3.300,-0.345,-0.230
3.303,-0.330,-0.245
3.306,-0.335,-0.245
3.308,-0.345,-0.250
3.311,-0.360,-0.255
3.314,-0.350,-0.230
3.317,-0.340,-0.225
3.319,-0.335,-0.230
3.322,-0.345,-0.245
3.325,-0.360,-0.255
3.328,-0.365,-0.265
3.331,-0.375,-0.255
3.333,-0.370,-0.245
3.336,-0.365,-0.260
3.339,-0.365,-0.250
3.342,-0.380,-0.260
3.344,-0.375,-0.270
3.347,-0.375,-0.240
3.350,-0.365,-0.245
3.353,-0.370,-0.250
3.356,-0.360,-0.250
3.358,-0.370,-0.250
3.361,-0.380,-0.265
3.364,-0.365,-0.255
3.367,-0.360,-0.245
3.369,-0.350,-0.255
3.372,-0.355,-0.265
3.375,-0.370,-0.280
3.378,-0.385,-0.305
3.381,-0.395,-0.320
3.383,-0.430,-0.350
3.386,-0.445,-0.380
3.389,-0.485,-0.390
3.392,-0.515,-0.345
3.394,-0.565,-0.240
3.397,-0.555,-0.110
3.400,-0.475,-0.020
3.403,-0.355,0.040
3.406,-0.220,0.110
3.408,-0.055,0.220
3.411,0.185,0.350
3.414,0.475,0.440
3.417,0.705,0.395
3.419,0.820,0.155
3.422,0.780,-0.170
3.425,0.535,-0.380
3.428,0.145,-0.410
3.431,-0.200,-0.355
3.433,-0.420,-0.320
3.436,-0.500,-0.305
3.439,-0.480,-0.300
3.442,-0.450,-0.295
3.444,-0.410,-0.295
3.447,-0.400,-0.285
3.450,-0.390,-0.300
3.453,-0.390,-0.310
3.456,-0.400,-0.305
3.458,-0.405,-0.305
3.461,-0.425,-0.295
3.464,-0.425,-0.270
3.467,-0.405,-0.270
3.469,-0.395,-0.285
3.472,-0.405,-0.305
3.475,-0.405,-0.310
3.478,-0.415,-0.300
3.481,-0.405,-0.290
3.483,-0.385,-0.275
3.486,-0.390,-0.285
3.489,-0.395,-0.285
3.492,-0.395,-0.305
3.494,-0.395,-0.290
3.497,-0.395,-0.290
3.500,-0.385,-0.285
3.503,-0.390,-0.285
3.506,-0.390,-0.290
3.508,-0.400,-0.300
3.511,-0.425,-0.295
3.514,-0.410,-0.285
3.517,-0.400,-0.275
3.519,-0.395,-0.290
3.522,-0.400,-0.295
3.525,-0.405,-0.275
3.528,-0.425,-0.285
3.531,-0.415,-0.285
3.533,-0.405,-0.260
3.536,-0.405,-0.270
3.539,-0.405,-0.265
3.542,-0.410,-0.285
3.544,-0.415,-0.290
3.547,-0.405,-0.295
3.550,-0.420,-0.280
3.553,-0.405,-0.290
3.556,-0.410,-0.295
3.558,-0.410,-0.300
3.561,-0.420,-0.310
3.564,-0.415,-0.305
3.567,-0.405,-0.295
3.569,-0.395,-0.300
3.572,-0.395,-0.280
3.575,-0.395,-0.290
3.578,-0.400,-0.305
3.581,-0.395,-0.290
3.583,-0.395,-0.285
3.586,-0.405,-0.305
3.589,-0.405,-0.310
3.592,-0.420,-0.315
3.594,-0.435,-0.305
3.597,-0.415,-0.295
3.600,-0.405,-0.290
3.603,-0.395,-0.295
3.606,-0.390,-0.300
3.608,-0.415,-0.305
3.611,-0.405,-0.325
3.614,-0.405,-0.310
3.617,-0.400,-0.300
3.619,-0.395,-0.310
3.622,-0.395,-0.335
3.625,-0.405,-0.340
3.628,-0.420,-0.350
3.631,-0.415,-0.355
3.633,-0.400,-0.340
3.636,-0.395,-0.350
3.639,-0.400,-0.365
3.642,-0.405,-0.380
3.644,-0.425,-0.400
3.647,-0.425,-0.385
3.650,-0.425,-0.380
3.653,-0.420,-0.390
3.656,-0.425,-0.400
3.658,-0.450,-0.405
3.661,-0.445,-0.405
3.664,-0.450,-0.405
3.667,-0.435,-0.415
3.669,-0.445,-0.415
3.672,-0.470,-0.420
3.675,-0.455,-0.415
3.678,-0.460,-0.425
3.681,-0.440,-0.410
3.683,-0.435,-0.395
3.686,-0.425,-0.385
3.689,-0.430,-0.405
3.692,-0.445,-0.395
3.694,-0.450,-0.395
3.697,-0.445,-0.375
3.700,-0.430,-0.370
3.703,-0.420,-0.375
3.706,-0.410,-0.375
3.708,-0.425,-0.370
3.711,-0.420,-0.360
3.714,-0.405,-0.345
3.717,-0.380,-0.320
3.719,-0.370,-0.305
3.722,-0.365,-0.305
3.725,-0.365,-0.300
3.728,-0.365,-0.285
3.731,-0.345,-0.275
3.733,-0.330,-0.260
3.736,-0.315,-0.245
3.739,-0.305,-0.245
3.742,-0.305,-0.250
3.744,-0.320,-0.255
3.747,-0.310,-0.245
3.750,-0.310,-0.230
3.753,-0.305,-0.235
3.756,-0.310,-0.245
3.758,-0.315,-0.255
3.761,-0.320,-0.255
3.764,-0.315,-0.225
3.767,-0.305,-0.230
3.769,-0.305,-0.235
3.772,-0.295,-0.240
3.775,-0.310,-0.250
3.778,-0.320,-0.245
3.781,-0.310,-0.225
3.783,-0.315,-0.215
3.786,-0.295,-0.220
3.789,-0.300,-0.240
3.792,-0.305,-0.250
3.794,-0.300,-0.255
3.797,-0.285,-0.245
3.800,-0.280,-0.240
3.803,-0.290,-0.235
3.806,-0.295,-0.245
3.808,-0.305,-0.255
3.811,-0.325,-0.250
3.814,-0.305,-0.235
3.817,-0.300,-0.230
3.819,-0.300,-0.250
3.822,-0.315,-0.260
3.825,-0.325,-0.275
3.828,-0.335,-0.280
3.831,-0.325,-0.275
3.833,-0.315,-0.260
3.836,-0.320,-0.270
3.839,-0.335,-0.255
3.842,-0.330,-0.265
3.844,-0.340,-0.255
3.847,-0.325,-0.265
3.850,-0.325,-0.260
3.853,-0.320,-0.265
3.856,-0.315,-0.265
3.858,-0.335,-0.275
3.861,-0.335,-0.270
3.864,-0.345,-0.265
3.867,-0.335,-0.255
3.869,-0.325,-0.255
3.872,-0.330,-0.265
3.875,-0.315,-0.275
3.878,-0.335,-0.290
3.881,-0.330,-0.275
3.883,-0.330,-0.260
3.886,-0.330,-0.270
3.889,-0.330,-0.265
3.892,-0.335,-0.270
3.894,-0.340,-0.265
3.897,-0.330,-0.265
3.900,-0.320,-0.250
3.903,-0.315,-0.265
3.906,-0.325,-0.265
3.908,-0.335,-0.270
3.911,-0.355,-0.270
3.914,-0.345,-0.265
3.917,-0.340,-0.255
3.919,-0.335,-0.260
3.922,-0.320,-0.255
3.925,-0.325,-0.270
3.928,-0.350,-0.270
3.931,-0.330,-0.285
3.933,-0.315,-0.265
3.936,-0.315,-0.260
3.939,-0.330,-0.265
3.942,-0.330,-0.270
3.944,-0.335,-0.265
3.947,-0.335,-0.260
3.950,-0.330,-0.250
3.953,-0.330,-0.265
3.956,-0.330,-0.265
3.958,-0.340,-0.270
3.961,-0.340,-0.265
3.964,-0.340,-0.255
3.967,-0.325,-0.245
3.969,-0.325,-0.255
3.972,-0.325,-0.275
3.975,-0.345,-0.275
3.978,-0.350,-0.275
3.981,-0.340,-0.255
3.983,-0.330,-0.255
3.986,-0.320,-0.260
3.989,-0.310,-0.265
3.992,-0.305,-0.285
3.994,-0.305,-0.280
3.997,-0.275,-0.265
4.000,-0.270,-0.260
4.003,-0.255,-0.255
4.006,-0.260,-0.250
4.008,-0.265,-0.255
4.011,-0.260,-0.250
4.014,-0.250,-0.240
4.017,-0.235,-0.230
4.019,-0.235,-0.235
4.022,-0.220,-0.225
4.025,-0.235,-0.235
4.028,-0.235,-0.240
4.031,-0.220,-0.225
4.033,-0.230,-0.215
4.036,-0.225,-0.235
4.039,-0.235,-0.230
4.042,-0.245,-0.225
4.044,-0.255,-0.215
4.047,-0.240,-0.205
4.050,-0.230,-0.200
4.053,-0.230,-0.210
4.056,-0.250,-0.225
4.058,-0.255,-0.230
4.061,-0.250,-0.225
4.064,-0.230,-0.215
4.067,-0.205,-0.210
4.069,-0.195,-0.235
4.072,-0.210,-0.240
4.075,-0.230,-0.255
4.078,-0.270,-0.245
4.081,-0.270,-0.235
4.083,-0.285,-0.230
4.086,-0.285,-0.235
4.089,-0.310,-0.245
4.092,-0.330,-0.270
4.094,-0.340,-0.260
4.097,-0.340,-0.250
4.100,-0.345,-0.240
4.103,-0.350,-0.240
4.106,-0.350,-0.255
4.108,-0.340,-0.260
4.111,-0.355,-0.265
4.114,-0.345,-0.255
4.117,-0.340,-0.245
4.119,-0.340,-0.245
4.122,-0.345,-0.260
4.125,-0.355,-0.255
4.128,-0.370,-0.260
4.131,-0.355,-0.255
4.133,-0.370,-0.240
4.136,-0.345,-0.240
4.139,-0.340,-0.260
4.142,-0.360,-0.260
4.144,-0.380,-0.250
4.147,-0.360,-0.240
4.150,-0.345,-0.235
4.153,-0.350,-0.240
4.156,-0.350,-0.255
4.158,-0.355,-0.270
4.161,-0.380,-0.285
4.164,-0.390,-0.290
4.167,-0.395,-0.310
4.169,-0.425,-0.330
4.172,-0.455,-0.365
4.175,-0.475,-0.370
4.178,-0.510,-0.350
4.181,-0.545,-0.260
4.183,-0.540,-0.135
4.186,-0.495,-0.020
4.189,-0.405,0.035
4.192,-0.295,0.095
4.194,-0.160,0.185
4.197,0.040,0.315
4.200,0.315,0.450
4.203,0.595,0.515
4.206,0.800,0.450
4.208,0.885,0.175
4.211,0.795,-0.180
4.214,0.520,-0.385
4.217,0.130,-0.395
4.219,-0.215,-0.345
4.222,-0.425,-0.310
4.225,-0.500,-0.290
4.228,-0.490,-0.275
4.231,-0.450,-0.265
4.233,-0.400,-0.235
4.236,-0.390,-0.250
4.239,-0.395,-0.265
4.242,-0.395,-0.255
4.244,-0.400,-0.245
4.247,-0.390,-0.240
4.250,-0.380,-0.240
4.253,-0.385,-0.250
4.256,-0.385,-0.260
4.258,-0.400,-0.265
4.261,-0.410,-0.275
4.264,-0.410,-0.255
4.267,-0.390,-0.240
4.269,-0.390,-0.245
4.272,-0.405,-0.260
4.275,-0.405,-0.260
4.278,-0.415,-0.265
4.281,-0.410,-0.250
4.283,-0.395,-0.250
4.286,-0.395,-0.245
4.289,-0.400,-0.250
4.292,-0.415,-0.265
4.294,-0.415,-0.255
4.297,-0.415,-0.250
4.300,-0.400,-0.245
4.303,-0.390,-0.245
4.306,-0.390,-0.255
4.308,-0.410,-0.260
4.311,-0.415,-0.250
4.314,-0.405,-0.240
4.317,-0.395,-0.215
4.319,-0.395,-0.230
4.322,-0.395,-0.250
4.325,-0.405,-0.250
4.328,-0.410,-0.255
4.331,-0.410,-0.240
4.333,-0.400,-0.220
4.336,-0.390,-0.235
4.339,-0.395,-0.235
4.342,-0.410,-0.240
4.344,-0.425,-0.255
4.347,-0.415,-0.245
4.350,-0.405,-0.225
4.353,-0.410,-0.230
4.356,-0.405,-0.235
4.358,-0.415,-0.240
4.361,-0.425,-0.240
4.364,-0.425,-0.240
4.367,-0.410,-0.230
4.369,-0.395,-0.245
4.372,-0.390,-0.255
4.375,-0.400,-0.250
4.378,-0.410,-0.250
4.381,-0.410,-0.235
4.383,-0.400,-0.240
4.386,-0.390,-0.235
4.389,-0.410,-0.255
4.392,-0.420,-0.255
4.394,-0.420,-0.255
4.397,-0.415,-0.250
4.400,-0.415,-0.235
4.403,-0.405,-0.260
4.406,-0.420,-0.255
4.408,-0.415,-0.270
4.411,-0.425,-0.285
4.414,-0.410,-0.285
4.417,-0.400,-0.280
4.419,-0.405,-0.285
4.422,-0.400,-0.285
4.425,-0.400,-0.305
4.428,-0.410,-0.295
4.431,-0.400,-0.285
4.433,-0.395,-0.290
4.436,-0.395,-0.305
4.439,-0.405,-0.320
4.442,-0.410,-0.335
4.444,-0.425,-0.340
4.447,-0.425,-0.315
4.450,-0.410,-0.315
4.453,-0.410,-0.330
4.456,-0.420,-0.345
4.458,-0.430,-0.350
4.461,-0.445,-0.355
4.464,-0.440,-0.365
4.467,-0.435,-0.355
4.469,-0.430,-0.365
4.472,-0.430,-0.370
4.475,-0.450,-0.375
4.478,-0.445,-0.375
4.481,-0.445,-0.370
4.483,-0.435,-0.355
4.486,-0.435,-0.360
4.489,-0.445,-0.340
4.492,-0.440,-0.340
4.494,-0.450,-0.330
4.497,-0.430,-0.315
4.500,-0.430,-0.290
4.503,-0.415,-0.275
4.506,-0.400,-0.265
4.508,-0.400,-0.260
4.511,-0.385,-0.245
4.514,-0.365,-0.225
4.517,-0.335,-0.205
4.519,-0.330,-0.200
4.522,-0.325,-0.190
4.525,-0.330,-0.200
4.528,-0.330,-0.185
4.531,-0.310,-0.175
4.533,-0.295,-0.160
4.536,-0.285,-0.155
4.539,-0.290,-0.165
4.542,-0.290,-0.160
4.544,-0.310,-0.170
4.547,-0.295,-0.150
4.550,-0.285,-0.145
4.553,-0.280,-0.150
4.556,-0.300,-0.145
4.558,-0.290,-0.145
4.561,-0.295,-0.155
4.564,-0.290,-0.150
4.567,-0.280,-0.135
4.569,-0.275,-0.145
4.572,-0.275,-0.145
4.575,-0.290,-0.150
4.578,-0.290,-0.145
4.581,-0.285,-0.140
4.583,-0.270,-0.130
4.586,-0.270,-0.135
4.589,-0.270,-0.140
4.592,-0.275,-0.145
4.594,-0.290,-0.165
4.597,-0.285,-0.155
4.600,-0.275,-0.145
4.603,-0.275,-0.150
4.606,-0.290,-0.160
4.608,-0.295,-0.160
4.611,-0.305,-0.160
4.614,-0.295,-0.145
4.617,-0.295,-0.140
4.619,-0.285,-0.150
4.622,-0.290,-0.165
4.625,-0.300,-0.170
4.628,-0.305,-0.165
4.631,-0.310,-0.165
4.633,-0.295,-0.150
4.636,-0.300,-0.150
4.639,-0.305,-0.165
4.642,-0.310,-0.170
4.644,-0.325,-0.180
4.647,-0.325,-0.165
4.650,-0.315,-0.155
4.653,-0.310,-0.160
4.656,-0.315,-0.165
4.658,-0.315,-0.175
4.661,-0.325,-0.180
4.664,-0.320,-0.165
4.667,-0.310,-0.150
4.669,-0.320,-0.170
4.672,-0.315,-0.170
4.675,-0.330,-0.185
4.678,-0.330,-0.175
4.681,-0.320,-0.175
4.683,-0.310,-0.160
4.686,-0.310,-0.165
4.689,-0.310,-0.170
4.692,-0.330,-0.180
4.694,-0.335,-0.175
4.697,-0.330,-0.170
4.700,-0.320,-0.160
4.703,-0.325,-0.160
4.706,-0.325,-0.170
4.708,-0.330,-0.190
4.711,-0.335,-0.165
4.714,-0.330,-0.160
4.717,-0.325,-0.155
4.719,-0.325,-0.160
4.722,-0.320,-0.155
4.725,-0.325,-0.165
4.728,-0.330,-0.185
4.731,-0.325,-0.175
4.733,-0.315,-0.150
4.736,-0.305,-0.155
4.739,-0.325,-0.165
4.742,-0.315,-0.170
4.744,-0.335,-0.170
4.747,-0.330,-0.165
4.750,-0.310,-0.150
4.753,-0.320,-0.160
4.756,-0.330,-0.170
4.758,-0.330,-0.175
4.761,-0.335,-0.180
4.764,-0.330,-0.155
4.767,-0.330,-0.150
4.769,-0.320,-0.145
4.772,-0.320,-0.160
4.775,-0.330,-0.165
4.778,-0.330,-0.160
4.781,-0.325,-0.160
4.783,-0.315,-0.145
4.786,-0.315,-0.150
4.789,-0.315,-0.150
4.792,-0.330,-0.160
4.794,-0.330,-0.160
4.797,-0.320,-0.150
4.800,-0.315,-0.150
4.803,-0.305,-0.150
4.806,-0.305,-0.155
4.808,-0.295,-0.160
4.811,-0.315,-0.160
4.814,-0.300,-0.150
4.817,-0.275,-0.130
4.819,-0.255,-0.150
4.822,-0.255,-0.155
4.825,-0.260,-0.160
4.828,-0.265,-0.150
4.831,-0.255,-0.125
4.833,-0.235,-0.120
4.836,-0.230,-0.115
4.839,-0.225,-0.125
4.842,-0.220,-0.135
4.844,-0.220,-0.140
4.847,-0.215,-0.130
4.850,-0.200,-0.105
4.853,-0.205,-0.105
4.856,-0.205,-0.100
4.858,-0.225,-0.105
4.861,-0.235,-0.090
4.864,-0.240,-0.080
4.867,-0.230,-0.075
4.869,-0.215,-0.090
4.872,-0.240,-0.090
4.875,-0.240,-0.100
4.878,-0.250,-0.100
4.881,-0.235,-0.095
4.883,-0.210,-0.090
4.886,-0.200,-0.110
4.889,-0.220,-0.125
4.892,-0.255,-0.130
4.894,-0.275,-0.120
4.897,-0.285,-0.120
4.900,-0.300,-0.110
4.903,-0.305,-0.110
4.906,-0.320,-0.120
4.908,-0.330,-0.130
4.911,-0.325,-0.140
4.914,-0.320,-0.145
4.917,-0.330,-0.125
4.919,-0.330,-0.130
4.922,-0.335,-0.150
4.925,-0.340,-0.145
4.928,-0.345,-0.140
4.931,-0.340,-0.140
4.933,-0.335,-0.120
4.936,-0.320,-0.135
4.939,-0.325,-0.145
4.942,-0.335,-0.160
4.944,-0.345,-0.150
4.947,-0.345,-0.135
4.950,-0.345,-0.125
4.953,-0.335,-0.135
4.956,-0.340,-0.145
4.958,-0.345,-0.150
4.961,-0.355,-0.160
4.964,-0.340,-0.145
4.967,-0.340,-0.135
4.969,-0.340,-0.135
4.972,-0.340,-0.125
4.975,-0.345,-0.160
4.978,-0.355,-0.175
4.981,-0.365,-0.195
4.983,-0.370,-0.210
4.986,-0.405,-0.230
4.989,-0.445,-0.270
4.992,-0.480,-0.290
4.994,-0.495,-0.280
4.997,-0.520,-0.195
5.000,-0.535,-0.050
5.003,-0.505,0.085
5.006,-0.415,0.195
5.008,-0.280,0.305
5.011,-0.135,0.420
5.014,0.065,0.565
5.017,0.300,0.705
5.019,0.580,0.800
5.022,0.810,0.795
5.025,0.945,0.595
5.028,0.920,0.235
5.031,0.775,-0.075
5.033,0.445,-0.190
5.036,0.020,-0.185
5.039,-0.295,-0.155
5.042,-0.445,-0.170
5.044,-0.470,-0.165
5.047,-0.425,-0.155
5.050,-0.380,-0.145
5.053,-0.360,-0.155
5.056,-0.360,-0.190
5.058,-0.370,-0.200
5.061,-0.380,-0.195
5.064,-0.380,-0.175
5.067,-0.375,-0.175
5.069,-0.370,-0.180
5.072,-0.365,-0.185
5.075,-0.370,-0.200
5.078,-0.385,-0.195
5.081,-0.385,-0.200
5.083,-0.375,-0.195
5.086,-0.370,-0.190
5.089,-0.370,-0.195
5.092,-0.385,-0.200
5.094,-0.395,-0.200
5.097,-0.385,-0.190
5.100,-0.385,-0.180
5.103,-0.390,-0.185
5.106,-0.385,-0.195
5.108,-0.395,-0.210
5.111,-0.410,-0.210
5.114,-0.400,-0.175
5.117,-0.395,-0.190
5.119,-0.380,-0.185
5.122,-0.395,-0.185
5.125,-0.395,-0.195
5.128,-0.400,-0.200
5.131,-0.400,-0.195
5.133,-0.395,-0.180
5.136,-0.390,-0.190
5.139,-0.390,-0.195
5.142,-0.395,-0.190
5.144,-0.405,-0.195
5.147,-0.390,-0.175
5.150,-0.385,-0.175
5.153,-0.375,-0.185
5.156,-0.375,-0.190
5.158,-0.380,-0.195
5.161,-0.390,-0.190
5.164,-0.385,-0.185
5.167,-0.370,-0.170
5.169,-0.370,-0.170
5.172,-0.370,-0.190
5.175,-0.375,-0.200
5.178,-0.385,-0.200
5.181,-0.370,-0.180
5.183,-0.390,-0.175
5.186,-0.375,-0.195
5.189,-0.370,-0.175
5.192,-0.380,-0.190
5.194,-0.390,-0.190
5.197,-0.390,-0.190
5.200,-0.385,-0.180
5.203,-0.375,-0.190
5.206,-0.375,-0.210
5.208,-0.385,-0.205
5.211,-0.395,-0.200
5.214,-0.390,-0.210
5.217,-0.385,-0.195
5.219,-0.375,-0.205
5.222,-0.380,-0.215
5.225,-0.385,-0.230
5.228,-0.390,-0.215
5.231,-0.380,-0.225
5.233,-0.380,-0.205
5.236,-0.370,-0.215
5.239,-0.370,-0.235
5.242,-0.365,-0.245
5.244,-0.390,-0.245
5.247,-0.365,-0.240
5.250,-0.365,-0.245
5.253,-0.360,-0.235
5.256,-0.375,-0.260
5.258,-0.380,-0.265
5.261,-0.400,-0.270
5.264,-0.390,-0.265
5.267,-0.375,-0.265
5.269,-0.375,-0.270
5.272,-0.370,-0.285
5.275,-0.385,-0.300
5.278,-0.390,-0.295
5.281,-0.390,-0.295
5.283,-0.390,-0.295
5.286,-0.390,-0.305
5.289,-0.375,-0.310
5.292,-0.385,-0.320
5.294,-0.395,-0.325
5.297,-0.380,-0.320
5.300,-0.370,-0.310
5.303,-0.375,-0.320
5.306,-0.375,-0.320
5.308,-0.390,-0.325
5.311,-0.405,-0.310
5.314,-0.375,-0.280
5.317,-0.370,-0.280
5.319,-0.360,-0.280
5.322,-0.375,-0.265
5.325,-0.385,-0.265
5.328,-0.380,-0.250
5.331,-0.370,-0.225
5.333,-0.360,-0.200
5.336,-0.345,-0.195
5.339,-0.345,-0.190
5.342,-0.330,-0.180
5.344,-0.330,-0.170
5.347,-0.315,-0.150
5.350,-0.310,-0.135
5.353,-0.295,-0.115
5.356,-0.285,-0.125
5.358,-0.285,-0.130
5.361,-0.295,-0.120
5.364,-0.280,-0.105
5.367,-0.270,-0.100
5.369,-0.280,-0.100
5.372,-0.280,-0.100
5.375,-0.280,-0.115
5.378,-0.290,-0.120
5.381,-0.290,-0.105
5.383,-0.280,-0.100
5.386,-0.275,-0.105
5.389,-0.280,-0.115
5.392,-0.285,-0.120
5.394,-0.290,-0.110
5.397,-0.290,-0.105
5.400,-0.280,-0.095
5.403,-0.280,-0.100
5.406,-0.285,-0.110
5.408,-0.290,-0.120
5.411,-0.300,-0.120
5.414,-0.295,-0.115
5.417,-0.285,-0.105
5.419,-0.280,-0.105
5.422,-0.285,-0.095
5.425,-0.285,-0.105
5.428,-0.295,-0.120
5.431,-0.285,-0.115
5.433,-0.280,-0.105
5.436,-0.275,-0.110
5.439,-0.280,-0.125
5.442,-0.290,-0.115
5.444,-0.310,-0.130
5.447,-0.305,-0.115
5.450,-0.285,-0.095
5.453,-0.270,-0.100
5.456,-0.270,-0.110
5.458,-0.275,-0.115
5.461,-0.285,-0.115
5.464,-0.285,-0.105
5.467,-0.270,-0.100
5.469,-0.265,-0.110
5.472,-0.265,-0.100
5.475,-0.265,-0.100
5.478,-0.280,-0.105
5.481,-0.265,-0.095
5.483,-0.245,-0.095
5.486,-0.235,-0.095
5.489,-0.235,-0.110
5.492,-0.250,-0.115
5.494,-0.250,-0.110
5.497,-0.245,-0.105
5.500,-0.215,-0.105
5.503,-0.220,-0.115
5.506,-0.245,-0.115
5.508,-0.255,-0.135
5.511,-0.230,-0.125
5.514,-0.205,-0.135
5.517,-0.210,-0.125
5.519,-0.220,-0.130
5.522,-0.230,-0.150
5.525,-0.240,-0.155
5.528,-0.240,-0.165
5.531,-0.245,-0.165
5.533,-0.250,-0.170
5.536,-0.270,-0.175
5.539,-0.285,-0.170
5.542,-0.315,-0.175
5.544,-0.320,-0.170
5.547,-0.320,-0.165
5.550,-0.310,-0.160
5.553,-0.330,-0.160
5.556,-0.340,-0.170
5.558,-0.345,-0.180
5.561,-0.360,-0.170
5.564,-0.365,-0.155
5.567,-0.360,-0.155
5.569,-0.350,-0.160
5.572,-0.355,-0.160
5.575,-0.375,-0.175
5.578,-0.385,-0.170
5.581,-0.375,-0.155
5.583,-0.370,-0.150
5.586,-0.365,-0.160
5.589,-0.365,-0.155
5.592,-0.370,-0.165
5.594,-0.380,-0.160
5.597,-0.360,-0.150
5.600,-0.350,-0.150
5.603,-0.355,-0.145
5.606,-0.355,-0.155
5.608,-0.350,-0.165
5.611,-0.365,-0.155
5.614,-0.350,-0.135
5.617,-0.350,-0.130
5.619,-0.340,-0.145
5.622,-0.355,-0.155
5.625,-0.350,-0.160
5.628,-0.375,-0.160
5.631,-0.365,-0.175
5.633,-0.375,-0.190
5.636,-0.400,-0.235
5.639,-0.430,-0.250
5.642,-0.475,-0.295
5.644,-0.520,-0.315
5.647,-0.520,-0.295
5.650,-0.550,-0.190
5.653,-0.570,-0.085
5.656,-0.540,0.060
5.658,-0.445,0.175
5.661,-0.305,0.265
5.664,-0.140,0.380
5.667,0.025,0.485
5.669,0.260,0.590
5.672,0.510,0.665
5.675,0.735,0.665
5.678,0.845,0.500
5.681,0.875,0.205
5.683,0.735,-0.075
5.686,0.400,-0.215
5.689,-0.025,-0.205
5.692,-0.335,-0.180
5.694,-0.480,-0.175
5.697,-0.470,-0.165
5.700,-0.415,-0.145
5.703,-0.375,-0.145
5.706,-0.365,-0.160
5.708,-0.385,-0.165
5.711,-0.400,-0.170
5.714,-0.380,-0.155
5.717,-0.390,-0.155
5.719,-0.375,-0.155
5.722,-0.385,-0.170
5.725,-0.395,-0.175
5.728,-0.405,-0.170
5.731,-0.390,-0.155
5.733,-0.380,-0.155
5.736,-0.385,-0.160
5.739,-0.385,-0.165
5.742,-0.395,-0.180
5.744,-0.400,-0.175
5.747,-0.405,-0.170
5.750,-0.400,-0.160
5.753,-0.390,-0.160
5.756,-0.390,-0.170
5.758,-0.395,-0.180
5.761,-0.400,-0.180
5.764,-0.390,-0.170
5.767,-0.385,-0.165
5.769,-0.390,-0.165
5.772,-0.385,-0.175
5.775,-0.410,-0.180
5.778,-0.420,-0.185
5.781,-0.405,-0.170
5.783,-0.410,-0.160
5.786,-0.390,-0.165
5.789,-0.390,-0.175
5.792,-0.390,-0.175
5.794,-0.400,-0.175
5.797,-0.400,-0.180
5.800,-0.390,-0.170
5.803,-0.375,-0.160
5.806,-0.380,-0.170
5.808,-0.395,-0.180
5.811,-0.400,-0.185
5.814,-0.390,-0.170
5.817,-0.400,-0.160
5.819,-0.390,-0.180
5.822,-0.395,-0.180
5.825,-0.410,-0.185
5.828,-0.415,-0.185
5.831,-0.405,-0.165
5.833,-0.385,-0.155
5.836,-0.385,-0.170
5.839,-0.380,-0.175
5.842,-0.400,-0.195
5.844,-0.400,-0.195
5.847,-0.395,-0.190
5.850,-0.390,-0.175
5.853,-0.380,-0.175
5.856,-0.375,-0.190
5.858,-0.395,-0.190
5.861,-0.395,-0.190
5.864,-0.385,-0.185
5.867,-0.380,-0.190
5.869,-0.375,-0.215
5.872,-0.385,-0.220
5.875,-0.390,-0.215
5.878,-0.400,-0.225
5.881,-0.400,-0.215
5.883,-0.385,-0.200
5.886,-0.380,-0.230
5.889,-0.395,-0.225
5.892,-0.390,-0.245
5.894,-0.400,-0.240
5.897,-0.395,-0.245
5.900,-0.385,-0.220
5.903,-0.380,-0.245
5.906,-0.385,-0.260
5.908,-0.395,-0.280
5.911,-0.405,-0.280
5.914,-0.400,-0.285
5.917,-0.390,-0.270
5.919,-0.380,-0.285
5.922,-0.380,-0.295
5.925,-0.385,-0.305
5.928,-0.405,-0.305
5.931,-0.395,-0.315
5.933,-0.400,-0.305
5.936,-0.390,-0.310
5.939,-0.400,-0.330
5.942,-0.405,-0.325
5.944,-0.425,-0.330
5.947,-0.420,-0.315
5.950,-0.405,-0.310
5.953,-0.400,-0.315
5.956,-0.405,-0.310
5.958,-0.405,-0.320
5.961,-0.415,-0.305
5.964,-0.400,-0.290
5.967,-0.390,-0.275
5.969,-0.380,-0.270
5.972,-0.385,-0.265
5.975,-0.395,-0.265
5.978,-0.405,-0.255
5.981,-0.390,-0.245
5.983,-0.370,-0.225
5.986,-0.370,-0.215
5.989,-0.370,-0.215
5.992,-0.385,-0.215
5.994,-0.370,-0.210
5.997,-0.355,-0.205
6.000,-0.345,-0.185
6.003,-0.340,-0.180
6.006,-0.335,-0.190
6.008,-0.340,-0.190
6.011,-0.355,-0.170
6.014,-0.335,-0.155
6.017,-0.325,-0.140
6.019,-0.310,-0.145
6.022,-0.305,-0.165
6.025,-0.305,-0.160
6.028,-0.320,-0.160
6.031,-0.315,-0.150
6.033,-0.310,-0.145
6.036,-0.305,-0.140
6.039,-0.305,-0.150
6.042,-0.330,-0.150
6.044,-0.325,-0.170
6.047,-0.345,-0.155
6.050,-0.325,-0.145
6.053,-0.315,-0.130
6.056,-0.315,-0.140
6.058,-0.305,-0.150
6.061,-0.310,-0.145
6.064,-0.310,-0.150
6.067,-0.300,-0.135
6.069,-0.305,-0.140
6.072,-0.305,-0.155
6.075,-0.315,-0.150
6.078,-0.320,-0.165
6.081,-0.325,-0.145
6.083,-0.315,-0.145
6.086,-0.305,-0.155
6.089,-0.315,-0.160
6.092,-0.325,-0.160
6.094,-0.325,-0.175
6.097,-0.330,-0.155
6.100,-0.315,-0.155
6.103,-0.315,-0.150
6.106,-0.310,-0.160
6.108,-0.330,-0.165
6.111,-0.340,-0.165
6.114,-0.335,-0.175
6.117,-0.330,-0.165
6.119,-0.345,-0.165
6.122,-0.355,-0.165
6.125,-0.365,-0.170
6.128,-0.370,-0.165
6.131,-0.345,-0.160
6.133,-0.340,-0.160
6.136,-0.340,-0.165
6.139,-0.345,-0.170
6.142,-0.360,-0.195
6.144,-0.365,-0.185
6.147,-0.360,-0.180
6.150,-0.360,-0.170
6.153,-0.345,-0.165
6.156,-0.355,-0.185
6.158,-0.365,-0.180
6.161,-0.350,-0.185
6.164,-0.360,-0.170
6.167,-0.350,-0.175
6.169,-0.340,-0.175
6.172,-0.345,-0.175
6.175,-0.355,-0.180
6.178,-0.370,-0.175
6.181,-0.350,-0.155
6.183,-0.350,-0.160
6.186,-0.350,-0.170
6.189,-0.345,-0.180
6.192,-0.350,-0.200
6.194,-0.355,-0.195
6.197,-0.360,-0.165
6.200,-0.345,-0.160
6.203,-0.355,-0.160
6.206,-0.350,-0.165
6.208,-0.360,-0.185
6.211,-0.370,-0.190
6.214,-0.355,-0.180
6.217,-0.355,-0.170
6.219,-0.350,-0.170
6.222,-0.355,-0.170
6.225,-0.360,-0.180
6.228,-0.390,-0.180
6.231,-0.385,-0.170
6.233,-0.360,-0.180
6.236,-0.360,-0.180
6.239,-0.370,-0.200
6.242,-0.370,-0.195
6.244,-0.390,-0.195
6.247,-0.375,-0.155
6.250,-0.370,-0.145
6.253,-0.350,-0.165
6.256,-0.340,-0.180
6.258,-0.345,-0.185
6.261,-0.360,-0.180
6.264,-0.360,-0.170
6.267,-0.350,-0.160
6.269,-0.350,-0.160
6.272,-0.335,-0.170
6.275,-0.360,-0.180
6.278,-0.365,-0.190
6.281,-0.365,-0.180
6.283,-0.360,-0.165
6.286,-0.360,-0.170
6.289,-0.365,-0.185
6.292,-0.375,-0.195
6.294,-0.385,-0.185
6.297,-0.385,-0.185
6.300,-0.365,-0.185
6.303,-0.370,-0.185
6.306,-0.375,-0.190
6.308,-0.370,-0.180
6.311,-0.375,-0.190
6.314,-0.365,-0.190
6.317,-0.355,-0.180
6.319,-0.355,-0.190
6.322,-0.360,-0.190
6.325,-0.365,-0.195
6.328,-0.370,-0.195
6.331,-0.360,-0.185
6.333,-0.350,-0.175
6.336,-0.340,-0.195
6.339,-0.345,-0.180
6.342,-0.340,-0.180
6.344,-0.350,-0.185
6.347,-0.345,-0.190
6.350,-0.350,-0.175
6.353,-0.360,-0.190
6.356,-0.350,-0.190
6.358,-0.360,-0.210
6.361,-0.370,-0.205
6.364,-0.360,-0.185
6.367,-0.360,-0.180
6.369,-0.355,-0.180
6.372,-0.360,-0.190
6.375,-0.375,-0.215
6.378,-0.375,-0.220
6.381,-0.370,-0.205
6.383,-0.350,-0.195
6.386,-0.355,-0.190
6.389,-0.360,-0.195
6.392,-0.365,-0.215
6.394,-0.375,-0.235
6.397,-0.370,-0.210
6.400,-0.365,-0.200
6.403,-0.360,-0.210
6.406,-0.355,-0.205
6.408,-0.360,-0.215
6.411,-0.360,-0.215
6.414,-0.350,-0.205
6.417,-0.340,-0.200
6.419,-0.345,-0.190
6.422,-0.345,-0.220
6.425,-0.355,-0.225
6.428,-0.360,-0.225
6.431,-0.360,-0.205
6.433,-0.365,-0.200
6.436,-0.345,-0.205
6.439,-0.355,-0.205
6.442,-0.350,-0.210
6.444,-0.360,-0.210
6.447,-0.355,-0.195
6.450,-0.360,-0.195
6.453,-0.345,-0.195
6.456,-0.335,-0.200
6.458,-0.330,-0.225
6.461,-0.330,-0.225
6.464,-0.310,-0.205
6.467,-0.305,-0.190
6.469,-0.300,-0.195
6.472,-0.305,-0.190
6.475,-0.295,-0.200
6.478,-0.305,-0.185
6.481,-0.285,-0.180
6.483,-0.275,-0.165
6.486,-0.265,-0.170
6.489,-0.255,-0.180
6.492,-0.255,-0.175
6.494,-0.260,-0.170
6.497,-0.265,-0.165
6.500,-0.255,-0.150
6.503,-0.255,-0.155
6.506,-0.260,-0.165
6.508,-0.280,-0.170
6.511,-0.290,-0.165
6.514,-0.280,-0.165
6.517,-0.270,-0.155
6.519,-0.255,-0.170
6.522,-0.275,-0.180
6.525,-0.290,-0.170
6.528,-0.320,-0.165
6.531,-0.300,-0.160
6.533,-0.295,-0.160
6.536,-0.270,-0.180
6.539,-0.265,-0.190
6.542,-0.270,-0.205
6.544,-0.285,-0.190
6.547,-0.300,-0.190
6.550,-0.310,-0.170
6.553,-0.315,-0.185
6.556,-0.320,-0.190
6.558,-0.350,-0.195
6.561,-0.370,-0.225
6.564,-0.365,-0.215
6.567,-0.365,-0.200
6.569,-0.365,-0.205
6.572,-0.370,-0.205
6.575,-0.370,-0.205
6.578,-0.370,-0.220
6.581,-0.380,-0.210
6.583,-0.360,-0.210
6.586,-0.375,-0.210
6.589,-0.375,-0.215
6.592,-0.400,-0.225
6.594,-0.420,-0.235
6.597,-0.405,-0.230
6.600,-0.400,-0.205
6.603,-0.385,-0.215
6.606,-0.380,-0.225
6.608,-0.400,-0.225
6.611,-0.415,-0.220
6.614,-0.405,-0.220
6.617,-0.395,-0.215
6.619,-0.395,-0.225
6.622,-0.395,-0.225
6.625,-0.410,-0.255
6.628,-0.430,-0.275
6.631,-0.440,-0.290
6.633,-0.455,-0.290
6.636,-0.490,-0.315
6.639,-0.485,-0.330
6.642,-0.520,-0.305
6.644,-0.570,-0.245
6.647,-0.575,-0.115
6.650,-0.525,-0.025
6.653,-0.420,0.030
6.656,-0.305,0.080
6.658,-0.190,0.155
6.661,-0.020,0.265
6.664,0.220,0.385
6.667,0.485,0.500
6.669,0.715,0.545
6.672,0.845,0.450
6.675,0.885,0.215
6.678,0.790,-0.090
6.681,0.560,-0.325
6.683,0.225,-0.390
6.686,-0.070,-0.385
6.689,-0.285,-0.365
6.692,-0.425,-0.335
6.694,-0.500,-0.295
6.697,-0.550,-0.285
6.700,-0.535,-0.270
6.703,-0.500,-0.265
6.706,-0.465,-0.270
6.708,-0.450,-0.275
6.711,-0.450,-0.285
6.714,-0.435,-0.265
6.717,-0.420,-0.250
6.719,-0.410,-0.260
6.722,-0.410,-0.260
6.725,-0.415,-0.265
6.728,-0.420,-0.270
6.731,-0.425,-0.265
6.733,-0.420,-0.245
6.736,-0.430,-0.260
6.739,-0.430,-0.255
6.742,-0.440,-0.280
6.744,-0.450,-0.260
6.747,-0.450,-0.250
6.750,-0.430,-0.250
6.753,-0.430,-0.255
6.756,-0.430,-0.255
6.758,-0.445,-0.260
6.761,-0.445,-0.260
6.764,-0.440,-0.255
6.767,-0.425,-0.225
6.769,-0.430,-0.240
6.772,-0.430,-0.245
6.775,-0.425,-0.265
6.778,-0.445,-0.275
6.781,-0.445,-0.250
6.783,-0.430,-0.245
6.786,-0.435,-0.230
6.789,-0.435,-0.240
6.792,-0.445,-0.255
6.794,-0.445,-0.250
6.797,-0.435,-0.250
6.800,-0.430,-0.245
6.803,-0.425,-0.235
6.806,-0.430,-0.240
6.808,-0.430,-0.250
6.811,-0.440,-0.250
6.814,-0.420,-0.245
6.817,-0.430,-0.220
6.819,-0.425,-0.245
6.822,-0.430,-0.245
6.825,-0.440,-0.240
6.828,-0.440,-0.255
6.831,-0.430,-0.245
6.833,-0.430,-0.225
6.836,-0.415,-0.240
6.839,-0.425,-0.250
6.842,-0.430,-0.260
6.844,-0.455,-0.265
6.847,-0.445,-0.255
6.850,-0.445,-0.240
6.853,-0.430,-0.250
6.856,-0.430,-0.250
6.858,-0.440,-0.265
6.861,-0.440,-0.260
6.864,-0.435,-0.260
6.867,-0.430,-0.265
6.869,-0.415,-0.275
6.872,-0.415,-0.270
6.875,-0.425,-0.270
6.878,-0.425,-0.270
6.881,-0.420,-0.270
6.883,-0.405,-0.245
6.886,-0.405,-0.265
6.889,-0.415,-0.265
6.892,-0.415,-0.270
6.894,-0.425,-0.285
6.897,-0.430,-0.260
6.900,-0.405,-0.245
6.903,-0.405,-0.255
6.906,-0.405,-0.265
6.908,-0.405,-0.285
6.911,-0.430,-0.295
6.914,-0.415,-0.300
6.917,-0.410,-0.295
6.919,-0.415,-0.285
6.922,-0.430,-0.320
6.925,-0.445,-0.325
6.928,-0.465,-0.335
6.931,-0.460,-0.335
6.933,-0.450,-0.330
6.936,-0.455,-0.350
6.939,-0.460,-0.345
6.942,-0.465,-0.365
6.944,-0.485,-0.380
6.947,-0.495,-0.375
6.950,-0.475,-0.375
6.953,-0.490,-0.385
6.956,-0.500,-0.385
6.958,-0.495,-0.400
6.961,-0.515,-0.400
6.964,-0.500,-0.395
6.967,-0.485,-0.390
6.969,-0.490,-0.390
6.972,-0.485,-0.400
6.975,-0.500,-0.405
6.978,-0.500,-0.410
6.981,-0.490,-0.380
6.983,-0.480,-0.355
6.986,-0.460,-0.350
6.989,-0.460,-0.340
6.992,-0.470,-0.345
6.994,-0.465,-0.335
6.997,-0.440,-0.310
7.000,-0.430,-0.285
7.003,-0.425,-0.280
7.006,-0.410,-0.270
7.008,-0.410,-0.255
7.011,-0.400,-0.245
7.014,-0.390,-0.235
7.017,-0.380,-0.210
7.019,-0.355,-0.215
7.022,-0.350,-0.220
7.025,-0.355,-0.220
7.028,-0.350,-0.215
7.031,-0.340,-0.190
7.033,-0.330,-0.180
7.036,-0.325,-0.180
7.039,-0.305,-0.185
7.042,-0.320,-0.195
7.044,-0.315,-0.195
7.047,-0.305,-0.190
7.050,-0.300,-0.170
7.053,-0.305,-0.170
7.056,-0.305,-0.185
7.058,-0.310,-0.185
7.061,-0.330,-0.185
7.064,-0.310,-0.180
7.067,-0.315,-0.170
7.069,-0.315,-0.190
7.072,-0.320,-0.180
7.075,-0.325,-0.195
7.078,-0.325,-0.190
7.081,-0.325,-0.170
7.083,-0.310,-0.170
7.086,-0.310,-0.175
7.089,-0.315,-0.190
7.092,-0.325,-0.195
7.094,-0.330,-0.190
7.097,-0.325,-0.185
7.100,-0.325,-0.185
7.103,-0.315,-0.180
7.106,-0.320,-0.185
7.108,-0.330,-0.190
7.111,-0.335,-0.205
7.114,-0.330,-0.195
7.117,-0.315,-0.185
7.119,-0.320,-0.185
7.122,-0.320,-0.185
7.125,-0.335,-0.205
7.128,-0.335,-0.205
7.131,-0.325,-0.180
7.133,-0.325,-0.195
7.136,-0.320,-0.195
7.139,-0.320,-0.205
7.142,-0.325,-0.210
7.144,-0.350,-0.225
7.147,-0.345,-0.210
7.150,-0.345,-0.200
7.153,-0.335,-0.200
7.156,-0.345,-0.205
7.158,-0.355,-0.210
7.161,-0.355,-0.225
7.164,-0.355,-0.210
7.167,-0.345,-0.200
7.169,-0.335,-0.200
7.172,-0.335,-0.205
7.175,-0.345,-0.210
7.178,-0.355,-0.200
7.181,-0.340,-0.195
7.183,-0.335,-0.185
7.186,-0.330,-0.205
7.189,-0.335,-0.210
7.192,-0.345,-0.220
7.194,-0.350,-0.215
7.197,-0.350,-0.205
7.200,-0.340,-0.200
7.203,-0.335,-0.215
7.206,-0.330,-0.210
7.208,-0.360,-0.225
7.211,-0.355,-0.220
7.214,-0.345,-0.215
7.217,-0.335,-0.200
7.219,-0.345,-0.210
7.222,-0.350,-0.205
7.225,-0.360,-0.215
7.228,-0.380,-0.215
7.231,-0.370,-0.215
7.233,-0.345,-0.200
7.236,-0.345,-0.200
7.239,-0.350,-0.210
7.242,-0.355,-0.220
7.244,-0.365,-0.210
7.247,-0.360,-0.195
7.250,-0.345,-0.200
7.253,-0.345,-0.190
7.256,-0.350,-0.210
7.258,-0.360,-0.220
7.261,-0.360,-0.215
7.264,-0.350,-0.200
7.267,-0.355,-0.185
7.269,-0.340,-0.195
7.272,-0.345,-0.200
7.275,-0.355,-0.200
7.278,-0.355,-0.205
7.281,-0.355,-0.195
7.283,-0.340,-0.185
7.286,-0.340,-0.190
7.289,-0.345,-0.195
7.292,-0.365,-0.200
7.294,-0.370,-0.200
7.297,-0.350,-0.200
7.300,-0.330,-0.190
7.303,-0.320,-0.200
7.306,-0.315,-0.190
7.308,-0.295,-0.200
7.311,-0.305,-0.195
7.314,-0.295,-0.180
7.317,-0.300,-0.160
7.319,-0.285,-0.180
7.322,-0.275,-0.180
7.325,-0.260,-0.185
7.328,-0.275,-0.180
7.331,-0.265,-0.160
7.333,-0.260,-0.145
7.336,-0.250,-0.155
7.339,-0.245,-0.170
7.342,-0.255,-0.170
7.344,-0.265,-0.155
7.347,-0.260,-0.145
7.350,-0.260,-0.130
7.353,-0.250,-0.135
7.356,-0.260,-0.140
7.358,-0.280,-0.135
7.361,-0.280,-0.140
7.364,-0.275,-0.140
7.367,-0.285,-0.125
7.369,-0.280,-0.130
7.372,-0.255,-0.150
7.375,-0.245,-0.165
7.378,-0.245,-0.165
7.381,-0.260,-0.165
7.383,-0.285,-0.155
7.386,-0.290,-0.150
7.389,-0.300,-0.165
7.392,-0.320,-0.180
7.394,-0.335,-0.195
7.397,-0.355,-0.175
7.400,-0.350,-0.170
7.403,-0.355,-0.175
7.406,-0.355,-0.185
7.408,-0.375,-0.195
7.411,-0.385,-0.190
7.414,-0.380,-0.175
7.417,-0.360,-0.185
7.419,-0.350,-0.190
7.422,-0.360,-0.205
7.425,-0.365,-0.215
7.428,-0.370,-0.215
7.431,-0.370,-0.195
7.433,-0.365,-0.180
7.436,-0.360,-0.190
7.439,-0.365,-0.200
7.442,-0.370,-0.200
7.444,-0.385,-0.215
7.447,-0.385,-0.200
7.450,-0.365,-0.180
7.453,-0.360,-0.195
7.456,-0.380,-0.200
7.458,-0.385,-0.205
7.461,-0.395,-0.210
7.464,-0.395,-0.200
7.467,-0.385,-0.205
7.469,-0.380,-0.235
7.472,-0.395,-0.260
7.475,-0.425,-0.285
7.478,-0.465,-0.300
7.481,-0.500,-0.325
7.483,-0.515,-0.320
7.486,-0.530,-0.290
7.489,-0.560,-0.190
7.492,-0.585,-0.055
7.494,-0.530,0.050
7.497,-0.410,0.150
7.500,-0.255,0.245
7.503,-0.105,0.345
7.506,0.105,0.445
7.508,0.355,0.530
7.511,0.600,0.595
7.514,0.810,0.520
7.517,0.890,0.275
7.519,0.830,-0.085
7.522,0.580,-0.300
7.525,0.185,-0.335
7.528,-0.205,-0.285
7.531,-0.450,-0.250
7.533,-0.525,-0.245
7.536,-0.495,-0.235
7.539,-0.465,-0.215
7.542,-0.435,-0.230
7.544,-0.415,-0.230
7.547,-0.415,-0.240
7.550,-0.415,-0.235
7.553,-0.400,-0.235
7.556,-0.395,-0.245
7.558,-0.405,-0.255
7.561,-0.425,-0.250
7.564,-0.435,-0.240
7.567,-0.415,-0.225
7.569,-0.415,-0.230
7.572,-0.415,-0.250
7.575,-0.415,-0.240
7.578,-0.430,-0.255
7.581,-0.420,-0.230
7.583,-0.410,-0.225
7.586,-0.405,-0.225
7.589,-0.420,-0.225
7.592,-0.410,-0.230
7.594,-0.420,-0.240
7.597,-0.400,-0.225
7.600,-0.395,-0.215
7.603,-0.385,-0.215
7.606,-0.400,-0.225
7.608,-0.400,-0.235
7.611,-0.400,-0.240
7.614,-0.400,-0.225
7.617,-0.395,-0.205
7.619,-0.400,-0.210
7.622,-0.400,-0.225
7.625,-0.400,-0.230
7.628,-0.410,-0.235
7.631,-0.395,-0.225
7.633,-0.410,-0.215
7.636,-0.400,-0.220
7.639,-0.395,-0.230
7.642,-0.405,-0.235
7.644,-0.410,-0.230
7.647,-0.415,-0.215
7.650,-0.405,-0.215
7.653,-0.400,-0.215
7.656,-0.395,-0.225
7.658,-0.405,-0.235
7.661,-0.415,-0.235
7.664,-0.405,-0.230
7.667,-0.415,-0.215
7.669,-0.410,-0.225
7.672,-0.405,-0.225
7.675,-0.405,-0.235
7.678,-0.410,-0.245
7.681,-0.405,-0.240
7.683,-0.400,-0.225
7.686,-0.395,-0.210
7.689,-0.405,-0.230
7.692,-0.405,-0.230
7.694,-0.400,-0.245
7.697,-0.395,-0.220
7.700,-0.390,-0.225
7.703,-0.395,-0.235
7.706,-0.390,-0.245
7.708,-0.395,-0.250
7.711,-0.420,-0.250
7.714,-0.415,-0.240
7.717,-0.405,-0.240
7.719,-0.400,-0.245
7.722,-0.400,-0.250
7.725,-0.415,-0.270
7.728,-0.420,-0.270
7.731,-0.410,-0.265
7.733,-0.395,-0.260
7.736,-0.400,-0.280
7.739,-0.405,-0.295
7.742,-0.415,-0.295
7.744,-0.435,-0.315
7.747,-0.415,-0.310
7.750,-0.415,-0.305
7.753,-0.400,-0.310
7.756,-0.405,-0.325
7.758,-0.420,-0.330
7.761,-0.430,-0.350
7.764,-0.425,-0.340
7.767,-0.410,-0.335
7.769,-0.410,-0.350
7.772,-0.405,-0.350
7.775,-0.415,-0.370
7.778,-0.425,-0.365
7.781,-0.425,-0.355
7.783,-0.420,-0.335
7.786,-0.410,-0.355
7.789,-0.410,-0.365
7.792,-0.420,-0.370
7.794,-0.430,-0.360
7.797,-0.425,-0.335
7.800,-0.420,-0.315
7.803,-0.405,-0.315
7.806,-0.415,-0.305
7.808,-0.410,-0.285
7.811,-0.410,-0.285
7.814,-0.385,-0.270
7.817,-0.370,-0.240
7.819,-0.360,-0.230
7.822,-0.350,-0.220
7.825,-0.350,-0.220
7.828,-0.350,-0.200
7.831,-0.335,-0.180
7.833,-0.320,-0.175
7.836,-0.305,-0.180
7.839,-0.315,-0.185
7.842,-0.315,-0.190
7.844,-0.320,-0.185
7.847,-0.305,-0.180
7.850,-0.305,-0.175
7.853,-0.295,-0.170
7.856,-0.290,-0.165
7.858,-0.295,-0.175
7.861,-0.295,-0.170
7.864,-0.285,-0.165
7.867,-0.285,-0.155
7.869,-0.270,-0.160
7.872,-0.280,-0.160
7.875,-0.280,-0.165
7.878,-0.295,-0.165
7.881,-0.280,-0.160
7.883,-0.285,-0.145
7.886,-0.275,-0.150
7.889,-0.285,-0.160
7.892,-0.295,-0.165
7.894,-0.305,-0.175
7.897,-0.295,-0.150
7.900,-0.285,-0.140
7.903,-0.285,-0.155
7.906,-0.290,-0.160
7.908,-0.300,-0.175
7.911,-0.310,-0.175
7.914,-0.295,-0.170
7.917,-0.300,-0.160
7.919,-0.290,-0.155
7.922,-0.285,-0.165
7.925,-0.305,-0.175
7.928,-0.310,-0.180
7.931,-0.300,-0.170
7.933,-0.295,-0.165
7.936,-0.305,-0.170
7.939,-0.300,-0.185
7.942,-0.305,-0.185
7.944,-0.320,-0.180
7.947,-0.320,-0.175
7.950,-0.310,-0.170
7.953,-0.300,-0.180
7.956,-0.310,-0.185
7.958,-0.320,-0.200
7.961,-0.340,-0.195
7.964,-0.330,-0.185
7.967,-0.310,-0.175
7.969,-0.315,-0.180
7.972,-0.325,-0.185
7.975,-0.325,-0.205
7.978,-0.345,-0.210
7.981,-0.330,-0.190
7.983,-0.320,-0.185
7.986,-0.320,-0.190
7.989,-0.335,-0.200
7.992,-0.335,-0.205
7.994,-0.355,-0.215
7.997,-0.340,-0.200
8.000,-0.320,-0.180
8.003,-0.315,-0.185
8.006,-0.330,-0.200
8.008,-0.340,-0.205
8.011,-0.340,-0.200
8.014,-0.350,-0.205
8.017,-0.330,-0.190
8.019,-0.330,-0.190
8.022,-0.340,-0.180
8.025,-0.350,-0.205
8.028,-0.355,-0.200
8.031,-0.345,-0.195
8.033,-0.335,-0.180
8.036,-0.335,-0.185
8.039,-0.340,-0.185
8.042,-0.340,-0.200
8.044,-0.345,-0.200
8.047,-0.335,-0.180
8.050,-0.335,-0.180
8.053,-0.325,-0.185
8.056,-0.325,-0.185
8.058,-0.335,-0.200
8.061,-0.340,-0.195
8.064,-0.340,-0.175
8.067,-0.320,-0.175
8.069,-0.315,-0.185
8.072,-0.320,-0.190
8.075,-0.335,-0.195
8.078,-0.335,-0.205
8.081,-0.320,-0.185
8.083,-0.325,-0.160
8.086,-0.315,-0.170
8.089,-0.320,-0.190
8.092,-0.320,-0.190
8.094,-0.345,-0.190
8.097,-0.335,-0.180
8.100,-0.320,-0.170
8.103,-0.310,-0.160
8.106,-0.320,-0.170
8.108,-0.320,-0.185
8.111,-0.340,-0.195
8.114,-0.330,-0.180
8.117,-0.320,-0.175
8.119,-0.310,-0.170
8.122,-0.310,-0.170
8.125,-0.310,-0.195
8.128,-0.295,-0.200
8.131,-0.280,-0.180
8.133,-0.255,-0.170
8.136,-0.250,-0.175
8.139,-0.250,-0.180
8.142,-0.255,-0.180
8.144,-0.260,-0.170
8.147,-0.240,-0.155
8.150,-0.220,-0.135
8.153,-0.230,-0.145
8.156,-0.230,-0.160
8.158,-0.215,-0.160
8.161,-0.220,-0.160
8.164,-0.225,-0.140
8.167,-0.230,-0.120
8.169,-0.230,-0.120
8.172,-0.235,-0.130
8.175,-0.245,-0.130
8.178,-0.255,-0.125
8.181,-0.240,-0.125
8.183,-0.235,-0.115
8.186,-0.245,-0.110
8.189,-0.235,-0.130
8.192,-0.230,-0.145
8.194,-0.220,-0.155
8.197,-0.195,-0.140
8.200,-0.220,-0.140
8.203,-0.245,-0.145
8.206,-0.260,-0.150
8.208,-0.270,-0.160
8.211,-0.290,-0.165
8.214,-0.300,-0.160
8.217,-0.305,-0.150
8.219,-0.305,-0.165
8.222,-0.320,-0.185
8.225,-0.330,-0.180
8.228,-0.350,-0.185
8.231,-0.350,-0.170
8.233,-0.335,-0.155
8.236,-0.335,-0.175
8.239,-0.335,-0.190
8.242,-0.340,-0.195
8.244,-0.350,-0.195
8.247,-0.350,-0.180
8.250,-0.345,-0.175
8.253,-0.335,-0.180
8.256,-0.345,-0.180
8.258,-0.355,-0.190
8.261,-0.370,-0.170
8.264,-0.350,-0.180
8.267,-0.345,-0.175
8.269,-0.335,-0.180
8.272,-0.335,-0.185
8.275,-0.335,-0.200
8.278,-0.355,-0.195
8.281,-0.355,-0.200
8.283,-0.345,-0.225
8.286,-0.355,-0.255
8.289,-0.395,-0.295
8.292,-0.450,-0.330
8.294,-0.480,-0.340
8.297,-0.505,-0.305
8.300,-0.525,-0.195
8.303,-0.545,-0.065
8.306,-0.500,0.070
8.308,-0.395,0.180
8.311,-0.255,0.285
8.314,-0.070,0.415
8.317,0.145,0.555
8.319,0.425,0.670
8.322,0.685,0.700
8.325,0.875,0.555
8.328,0.925,0.210
8.331,0.795,-0.125
8.333,0.470,-0.265
8.336,0.020,-0.240
8.339,-0.325,-0.215
8.342,-0.470,-0.215
8.344,-0.485,-0.230
8.347,-0.410,-0.220
8.350,-0.365,-0.210
8.353,-0.355,-0.235
8.356,-0.365,-0.235
8.358,-0.380,-0.235
8.361,-0.385,-0.230
8.364,-0.380,-0.225
8.367,-0.370,-0.210
8.369,-0.370,-0.215
8.372,-0.375,-0.225
8.375,-0.385,-0.240
8.378,-0.395,-0.250
8.381,-0.385,-0.230
8.383,-0.380,-0.230
8.386,-0.385,-0.225
8.389,-0.375,-0.230
8.392,-0.390,-0.240
8.394,-0.405,-0.235
8.397,-0.405,-0.230
8.400,-0.390,-0.225
8.403,-0.385,-0.230
8.406,-0.385,-0.245
8.408,-0.390,-0.235
8.411,-0.410,-0.235
8.414,-0.400,-0.220
8.417,-0.390,-0.220
8.419,-0.385,-0.225
8.422,-0.385,-0.230
8.425,-0.395,-0.245
8.428,-0.390,-0.225
8.431,-0.395,-0.220
8.433,-0.380,-0.210
8.436,-0.375,-0.210
8.439,-0.380,-0.220
8.442,-0.385,-0.240
8.444,-0.400,-0.235
8.447,-0.385,-0.225
8.450,-0.380,-0.210
8.453,-0.375,-0.200
8.456,-0.380,-0.225
8.458,-0.395,-0.225
8.461,-0.395,-0.225
8.464,-0.385,-0.225
8.467,-0.375,-0.215
8.469,-0.370,-0.215
8.472,-0.365,-0.235
8.475,-0.385,-0.240
8.478,-0.395,-0.240
8.481,-0.385,-0.235
8.483,-0.385,-0.220
8.486,-0.370,-0.225
8.489,-0.375,-0.235
8.492,-0.370,-0.245
8.494,-0.375,-0.245
8.497,-0.375,-0.230
8.500,-0.370,-0.225
8.503,-0.355,-0.220
8.506,-0.365,-0.245
8.508,-0.380,-0.250
8.511,-0.375,-0.255
8.514,-0.370,-0.255
8.517,-0.380,-0.240
8.519,-0.365,-0.250
8.522,-0.370,-0.260
8.525,-0.375,-0.275
8.528,-0.390,-0.285
8.531,-0.380,-0.275
8.533,-0.375,-0.280
8.536,-0.380,-0.290
8.539,-0.370,-0.300
8.542,-0.375,-0.305
8.544,-0.380,-0.315
8.547,-0.385,-0.310
8.550,-0.385,-0.315
8.553,-0.370,-0.325
8.556,-0.375,-0.335
8.558,-0.375,-0.350
8.561,-0.380,-0.345
8.564,-0.380,-0.340
8.567,-0.380,-0.335
8.569,-0.380,-0.350
8.572,-0.375,-0.360
8.575,-0.390,-0.370
8.578,-0.395,-0.365
8.581,-0.385,-0.360
8.583,-0.385,-0.345
8.586,-0.375,-0.340
8.589,-0.375,-0.350
8.592,-0.385,-0.355
8.594,-0.385,-0.345
8.597,-0.390,-0.325
8.600,-0.370,-0.305
8.603,-0.365,-0.300
8.606,-0.365,-0.285
8.608,-0.375,-0.285
8.611,-0.385,-0.280
8.614,-0.350,-0.265
8.617,-0.345,-0.230
8.619,-0.325,-0.235
8.622,-0.325,-0.240
8.625,-0.330,-0.245
8.628,-0.325,-0.225
8.631,-0.325,-0.215
8.633,-0.315,-0.195
8.636,-0.315,-0.180
8.639,-0.315,-0.180
8.642,-0.300,-0.190
8.644,-0.300,-0.180
8.647,-0.285,-0.165
8.650,-0.270,-0.140
8.653,-0.265,-0.155
8.656,-0.260,-0.165
8.658,-0.275,-0.160
8.661,-0.285,-0.155
8.664,-0.265,-0.145
8.667,-0.255,-0.135
8.669,-0.250,-0.150
8.672,-0.270,-0.165
8.675,-0.280,-0.170
8.678,-0.285,-0.150
8.681,-0.285,-0.145
8.683,-0.280,-0.145
8.686,-0.270,-0.145
8.689,-0.270,-0.160
8.692,-0.270,-0.170
8.694,-0.285,-0.170
8.697,-0.280,-0.155
8.700,-0.275,-0.135
8.703,-0.270,-0.145
8.706,-0.265,-0.155
8.708,-0.275,-0.165
8.711,-0.290,-0.180
8.714,-0.285,-0.165
8.717,-0.285,-0.150
8.719,-0.275,-0.160
8.722,-0.270,-0.150
8.725,-0.280,-0.170
8.728,-0.295,-0.175
8.731,-0.280,-0.165
8.733,-0.270,-0.155
8.736,-0.270,-0.165
8.739,-0.275,-0.175
8.742,-0.285,-0.180
8.744,-0.300,-0.175
8.747,-0.295,-0.165
8.750,-0.290,-0.160
8.753,-0.295,-0.165
8.756,-0.300,-0.185
8.758,-0.290,-0.195
8.761,-0.305,-0.185
8.764,-0.295,-0.185
8.767,-0.290,-0.170
8.769,-0.295,-0.175
8.772,-0.290,-0.170
8.775,-0.310,-0.185
8.778,-0.320,-0.180
8.781,-0.315,-0.185
8.783,-0.315,-0.180
8.786,-0.300,-0.175
8.789,-0.305,-0.185
8.792,-0.315,-0.190
8.794,-0.330,-0.185
8.797,-0.320,-0.170
8.800,-0.305,-0.160
8.803,-0.315,-0.185
8.806,-0.305,-0.185
8.808,-0.315,-0.190
8.811,-0.325,-0.200
8.814,-0.310,-0.195
8.817,-0.295,-0.165
8.819,-0.300,-0.175
8.822,-0.305,-0.180
8.825,-0.310,-0.190
8.828,-0.325,-0.195
8.831,-0.315,-0.190
8.833,-0.315,-0.160
8.836,-0.305,-0.175
8.839,-0.305,-0.165
8.842,-0.325,-0.185
8.844,-0.320,-0.180
8.847,-0.320,-0.180
8.850,-0.310,-0.155
8.853,-0.305,-0.170
8.856,-0.320,-0.180
8.858,-0.320,-0.180
8.861,-0.320,-0.185
8.864,-0.310,-0.165
8.867,-0.305,-0.150
8.869,-0.290,-0.160
8.872,-0.285,-0.165
8.875,-0.290,-0.180
8.878,-0.305,-0.180
8.881,-0.310,-0.165
8.883,-0.300,-0.150
8.886,-0.300,-0.155
8.889,-0.310,-0.155
8.892,-0.315,-0.170
8.894,-0.315,-0.175
8.897,-0.310,-0.165
8.900,-0.295,-0.155
8.903,-0.300,-0.150
8.906,-0.295,-0.155
8.908,-0.315,-0.165
8.911,-0.310,-0.165
8.914,-0.290,-0.160
8.917,-0.265,-0.160
8.919,-0.240,-0.165
8.922,-0.255,-0.170
8.925,-0.240,-0.175
8.928,-0.250,-0.160
8.931,-0.225,-0.135
8.933,-0.225,-0.140
8.936,-0.215,-0.145
8.939,-0.210,-0.140
8.942,-0.200,-0.145
8.944,-0.195,-0.135
8.947,-0.195,-0.125
8.950,-0.180,-0.115
8.953,-0.175,-0.115
8.956,-0.180,-0.125
8.958,-0.205,-0.130
8.961,-0.215,-0.105
8.964,-0.210,-0.095
8.967,-0.210,-0.095
8.969,-0.210,-0.095
8.972,-0.210,-0.095
8.975,-0.215,-0.095
8.978,-0.225,-0.115
8.981,-0.210,-0.120
8.983,-0.180,-0.120
8.986,-0.170,-0.130
8.989,-0.185,-0.135
8.992,-0.240,-0.125
8.994,-0.255,-0.140
8.997,-0.255,-0.135
9.000,-0.270,-0.120
9.003,-0.275,-0.150
9.006,-0.285,-0.150
9.008,-0.300,-0.155
9.011,-0.300,-0.160
9.014,-0.315,-0.145
9.017,-0.305,-0.140
9.019,-0.300,-0.145
9.022,-0.295,-0.145
9.025,-0.300,-0.160
9.028,-0.315,-0.165
9.031,-0.310,-0.155
9.033,-0.310,-0.145
9.036,-0.300,-0.155
9.039,-0.300,-0.155
9.042,-0.305,-0.170
9.044,-0.315,-0.165
9.047,-0.325,-0.160
9.050,-0.320,-0.155
9.053,-0.320,-0.160
9.056,-0.320,-0.170
9.058,-0.325,-0.170
9.061,-0.340,-0.165
9.064,-0.335,-0.165
9.067,-0.325,-0.145
9.069,-0.315,-0.170
9.072,-0.320,-0.190
9.075,-0.345,-0.225
9.078,-0.370,-0.250
9.081,-0.395,-0.270
9.083,-0.425,-0.280
9.086,-0.445,-0.305
9.089,-0.465,-0.290
9.092,-0.510,-0.200
9.094,-0.530,-0.075
9.097,-0.485,0.040
9.100,-0.370,0.135
9.103,-0.235,0.215
9.106,-0.090,0.320
9.108,0.105,0.435
9.111,0.375,0.540
9.114,0.655,0.580
9.117,0.820,0.465
9.119,0.865,0.145
9.122,0.735,-0.155
9.125,0.450,-0.285
9.128,0.060,-0.250
9.131,-0.270,-0.200
9.133,-0.430,-0.180
9.136,-0.460,-0.190
9.139,-0.415,-0.190
9.142,-0.385,-0.185
9.144,-0.365,-0.195
9.147,-0.355,-0.185
9.150,-0.355,-0.175
9.153,-0.345,-0.190
9.156,-0.350,-0.195
9.158,-0.350,-0.205
9.161,-0.360,-0.205
9.164,-0.345,-0.185
9.167,-0.340,-0.165
9.169,-0.340,-0.185
9.172,-0.335,-0.190
9.175,-0.335,-0.210
9.178,-0.355,-0.210
9.181,-0.345,-0.200
9.183,-0.340,-0.190
9.186,-0.335,-0.185
9.189,-0.340,-0.195
9.192,-0.350,-0.210
9.194,-0.365,-0.210
9.197,-0.360,-0.190
9.200,-0.365,-0.180
9.203,-0.350,-0.190
9.206,-0.345,-0.195
9.208,-0.365,-0.215
9.211,-0.360,-0.215
9.214,-0.350,-0.195
9.217,-0.355,-0.185
9.219,-0.350,-0.180
9.222,-0.355,-0.185
9.225,-0.350,-0.200
9.228,-0.360,-0.205
9.231,-0.335,-0.190
9.233,-0.335,-0.180
9.236,-0.330,-0.185
9.239,-0.340,-0.195
9.242,-0.350,-0.195
9.244,-0.350,-0.195
9.247,-0.345,-0.190
9.250,-0.335,-0.185
9.253,-0.345,-0.195
9.256,-0.355,-0.195
9.258,-0.355,-0.205
9.261,-0.370,-0.200
9.264,-0.355,-0.190
9.267,-0.350,-0.185
9.269,-0.345,-0.195
9.272,-0.365,-0.210
9.275,-0.365,-0.215
9.278,-0.370,-0.215
9.281,-0.365,-0.205
9.283,-0.355,-0.190
9.286,-0.345,-0.190
9.289,-0.345,-0.205
9.292,-0.345,-0.220
9.294,-0.340,-0.215
9.297,-0.335,-0.205
9.300,-0.325,-0.210
9.303,-0.335,-0.220
9.306,-0.345,-0.230
9.308,-0.350,-0.240
9.311,-0.350,-0.255
9.314,-0.355,-0.240
9.317,-0.355,-0.225
9.319,-0.360,-0.230
9.322,-0.350,-0.250
9.325,-0.360,-0.250
9.328,-0.365,-0.260
9.331,-0.345,-0.260
9.333,-0.345,-0.255
9.336,-0.330,-0.260
9.339,-0.350,-0.285
9.342,-0.345,-0.295
9.344,-0.355,-0.300
9.347,-0.350,-0.285
9.350,-0.340,-0.280
9.353,-0.335,-0.290
9.356,-0.350,-0.305
9.358,-0.365,-0.315
9.361,-0.380,-0.320
9.364,-0.385,-0.310
9.367,-0.355,-0.305
9.369,-0.360,-0.310
9.372,-0.355,-0.320
9.375,-0.370,-0.325
9.378,-0.385,-0.335
9.381,-0.370,-0.320
9.383,-0.370,-0.300
9.386,-0.350,-0.300
9.389,-0.345,-0.300
9.392,-0.365,-0.285
9.394,-0.365,-0.280
9.397,-0.360,-0.260
9.400,-0.345,-0.240
9.403,-0.330,-0.235
9.406,-0.330,-0.225
9.408,-0.330,-0.230
9.411,-0.335,-0.225
9.414,-0.315,-0.190
9.417,-0.310,-0.180
9.419,-0.285,-0.185
9.422,-0.290,-0.180
9.425,-0.290,-0.195
9.428,-0.300,-0.180
9.431,-0.280,-0.170
9.433,-0.275,-0.160
9.436,-0.260,-0.170
9.439,-0.260,-0.170
9.442,-0.270,-0.180
9.444,-0.265,-0.180
9.447,-0.255,-0.170
9.450,-0.250,-0.155
9.453,-0.245,-0.155
9.456,-0.245,-0.160
9.458,-0.255,-0.180
9.461,-0.265,-0.175
9.464,-0.260,-0.165
9.467,-0.255,-0.160
9.469,-0.240,-0.170
9.472,-0.250,-0.175
9.475,-0.255,-0.190
9.478,-0.275,-0.190
9.481,-0.275,-0.175
9.483,-0.265,-0.165
9.486,-0.270,-0.175
9.489,-0.275,-0.180
9.492,-0.280,-0.185
9.494,-0.290,-0.185
9.497,-0.280,-0.185
9.500,-0.275,-0.165
9.503,-0.270,-0.185
9.506,-0.270,-0.185
9.508,-0.280,-0.205
9.511,-0.290,-0.210
9.514,-0.280,-0.195
9.517,-0.285,-0.170
9.519,-0.275,-0.180
9.522,-0.290,-0.185
9.525,-0.280,-0.190
9.528,-0.290,-0.200
9.531,-0.280,-0.200
9.533,-0.285,-0.195
9.536,-0.275,-0.200
9.539,-0.280,-0.205
9.542,-0.295,-0.210
9.544,-0.305,-0.215
9.547,-0.300,-0.205
9.550,-0.300,-0.205
9.553,-0.305,-0.220
9.556,-0.315,-0.215
9.558,-0.320,-0.225
9.561,-0.310,-0.215
9.564,-0.310,-0.210
9.567,-0.300,-0.190
9.569,-0.310,-0.205
9.572,-0.310,-0.215
9.575,-0.320,-0.220
9.578,-0.325,-0.225
9.581,-0.310,-0.210
9.583,-0.320,-0.200
9.586,-0.310,-0.205
9.589,-0.310,-0.215
9.592,-0.315,-0.220
9.594,-0.325,-0.225
9.597,-0.315,-0.215
9.600,-0.305,-0.205
9.603,-0.315,-0.195
9.606,-0.310,-0.215
9.608,-0.320,-0.230
9.611,-0.325,-0.235
9.614,-0.325,-0.220
9.617,-0.320,-0.205
9.619,-0.305,-0.220
9.622,-0.305,-0.230
9.625,-0.300,-0.240
9.628,-0.315,-0.235
9.631,-0.300,-0.215
9.633,-0.310,-0.210
9.636,-0.315,-0.205
9.639,-0.305,-0.205
9.642,-0.310,-0.210
9.644,-0.320,-0.215
9.647,-0.310,-0.220
9.650,-0.300,-0.205
9.653,-0.295,-0.220
9.656,-0.300,-0.230
9.658,-0.315,-0.225
9.661,-0.325,-0.225
9.664,-0.325,-0.195
9.667,-0.305,-0.195
9.669,-0.310,-0.220
9.672,-0.290,-0.230
9.675,-0.315,-0.250
9.678,-0.325,-0.240
9.681,-0.320,-0.225
9.683,-0.290,-0.210
9.686,-0.280,-0.210
9.689,-0.260,-0.230
9.692,-0.260,-0.235
9.694,-0.265,-0.240
9.697,-0.260,-0.210
9.700,-0.250,-0.195
9.703,-0.230,-0.195
9.706,-0.220,-0.190
9.708,-0.220,-0.200
9.711,-0.235,-0.195
9.714,-0.220,-0.180
9.717,-0.205,-0.180
9.719,-0.205,-0.190
9.722,-0.210,-0.190
9.725,-0.210,-0.180
9.728,-0.230,-0.185
9.731,-0.240,-0.165
9.733,-0.230,-0.165
9.736,-0.225,-0.175
9.739,-0.235,-0.185
9.742,-0.250,-0.200
9.744,-0.265,-0.195
9.747,-0.260,-0.185
9.750,-0.245,-0.180
9.753,-0.215,-0.195
9.756,-0.215,-0.195
9.758,-0.245,-0.215
9.761,-0.280,-0.200
9.764,-0.275,-0.210
9.767,-0.275,-0.195
9.769,-0.295,-0.225
9.772,-0.310,-0.235
9.775,-0.325,-0.245
9.778,-0.340,-0.245
9.781,-0.340,-0.220
9.783,-0.325,-0.230
9.786,-0.315,-0.220
9.789,-0.310,-0.225
9.792,-0.315,-0.240
9.794,-0.330,-0.225
9.797,-0.330,-0.210
9.800,-0.325,-0.220
9.803,-0.325,-0.230
9.806,-0.335,-0.230
9.808,-0.345,-0.240
9.811,-0.350,-0.245
9.814,-0.350,-0.245
9.817,-0.350,-0.240
9.819,-0.345,-0.235
9.822,-0.350,-0.240
9.825,-0.365,-0.255
9.828,-0.360,-0.255
9.831,-0.350,-0.250
9.833,-0.355,-0.230
9.836,-0.345,-0.240
9.839,-0.345,-0.250
9.842,-0.350,-0.265
9.844,-0.365,-0.290
9.847,-0.380,-0.310
9.850,-0.405,-0.305
9.853,-0.425,-0.335
9.856,-0.440,-0.355
9.858,-0.470,-0.335
9.861,-0.520,-0.270
9.864,-0.540,-0.160
9.867,-0.490,-0.050
9.869,-0.390,0.010
9.872,-0.260,0.065
9.875,-0.115,0.135
9.878,0.085,0.240
9.881,0.360,0.355
9.883,0.615,0.395
9.886,0.780,0.255
9.889,0.835,-0.015
9.892,0.720,-0.295
9.894,0.410,-0.405
9.897,0.030,-0.390
9.900,-0.255,-0.340
9.903,-0.415,-0.305
9.906,-0.470,-0.310
9.908,-0.465,-0.295
9.911,-0.435,-0.295
9.914,-0.395,-0.280
9.917,-0.375,-0.270
9.919,-0.370,-0.265
9.922,-0.375,-0.285
9.925,-0.375,-0.290
9.928,-0.390,-0.290
9.931,-0.400,-0.290
9.933,-0.380,-0.285
9.936,-0.385,-0.290
9.939,-0.385,-0.290
9.942,-0.385,-0.285
9.944,-0.385,-0.285
9.947,-0.370,-0.285
9.950,-0.370,-0.265
9.953,-0.360,-0.265
9.956,-0.380,-0.275
9.958,-0.380,-0.285
9.961,-0.385,-0.280
9.964,-0.370,-0.270
9.967,-0.370,-0.270
9.969,-0.365,-0.275
9.972,-0.375,-0.270
9.975,-0.385,-0.285
9.978,-0.390,-0.300
9.981,-0.390,-0.280
9.983,-0.385,-0.275
9.986,-0.385,-0.285
9.989,-0.395,-0.285
9.992,-0.390,-0.295
9.994,-0.400,-0.290
9.997,-0.405,-0.285
